ACC-STAT s=0xFD40 pin=0 n=17 sk=1
Reset cause: 0x2
ACC-INT n=1 t=5292 st=7 bz=0 pin=0
FSM: Performing Self Calibration 
ACC-STAT s=0xFD13 pin=0 n=1 sk=0
XY: calib b=6 peak=0.0480 mv=0
XY: bmax 0.0380 0.0480 0.0310 0.0330 0.0340 0.0410
FSM: READY 
XY-Still-Value   : 0.0510
FSM: Transitioned to STATE_MONITORING 
ACC-INT n=2 t=77103 st=2 bz=0 pin=1
FSM: Departure latched (any-motion) 
FSM: Transitioned to STATE_MOVEMENT_DETECTED 
FSM: departure velocity w=0.000
ACC-STAT s=0x40 pin=0 n=2 sk=0
FSM: Transitioned to STATE_MOVING 
ACC-INT n=3 t=77709 st=4 bz=0 pin=1
ACC-STAT s=0x40 pin=0 n=3 sk=0
BURST k=dep pre=20 n=80 signed_mmss=-9 -1 9 13 28 -39 -40 -38 27 17 64 43 47 59 74 125 176 244 273 291 334 352 258 346 234 51 97 145 101 22 9 -26 -7 -50 -54 -15 13 -15 -26 -15 25 75 -21 4 -27 -6 54 32 -35 -20 10 -43 -22 55 -11 27 -2 -63 -11 52 -33 -54 31 -2 -11 52 -7 -23 1 -14 -2 57 -40 2 -26 -26 33 48 2 7 
JOGV pos=2508 neg=0 ratio=0 opk=63 verdict=RUN (armed)
ACC-INT n=4 t=88457 st=4 bz=0 pin=1
ACC-STAT s=0x40 pin=0 n=4 sk=0
ACC-INT n=5 t=89407 st=4 bz=0 pin=1
FSM: Arrival (any-motion), edges 2 peak 2.209
ARM q=226 a=1 v=1 g=1 ro=25
FSM: Transitioned to STATE_DECELERATING 
ACC-STAT s=0x40 pin=0 n=5 sk=0
ACC-INT n=6 t=89915 st=5 bz=0 pin=1
ACC-STAT s=0x40 pin=0 n=6 sk=0
BURST k=arr pre=20 n=80 signed_mmss=-287 -280 -277 -265 -357 -253 -367 -232 -269 -245 -218 -140 -156 -42 -20 -1688 2208 2014 -544 -1227 126 1239 25 -893 -323 636 249 -435 -629 250 319 -162 -478 -47 384 80 -305 -112 324 80 -314 -119 -92 42 101 7 -105 27 90 15 -88 -13 45 -13 -74 -58 -4 12 -17 -19 -1 17 -2 -3 7 4 10 -11 -1 3 -5 1 -8 8 0 -17 4 2 1 -4 
ACC-STAT s=0xFD4C pin=0 n=6 sk=0
FSM: Transitioned to STATE_STOPPED 
FSM: Transitioned to STATE_MONITORING 
ACC-INT n=7 t=228835 st=2 bz=0 pin=1
ACC-STAT s=0x40 pin=0 n=7 sk=1
FSM: Departure latched (any-motion) 
FSM: Transitioned to STATE_MOVEMENT_DETECTED 
ACC-INT n=8 t=229244 st=3 bz=0 pin=1
FSM: departure velocity w=0.000
FSM: Transitioned to STATE_MOVING 
ACC-STAT s=0x40 pin=0 n=8 sk=0
ACC-INT n=9 t=230031 st=4 bz=0 pin=1
ACC-STAT s=0x40 pin=0 n=9 sk=0
BURST k=dep pre=20 n=80 signed_mmss=10 0 -12 22 -30 15 47 -53 7 1 -26 32 37 0 51 41 93 106 100 141 154 210 147 266 353 260 357 128 124 79 91 66 58 33 37 16 6 -2390 2052 1685 -1461 -1366 1015 1328 -382 -851 386 763 -111 -593 307 385 -104 -370 -87 -26 119 46 -65 -15 61 46 -75 -63 27 33 -78 6 36 -4 -50 11 55 -10 -29 36 54 -22 -23 27 
JOGV pos=9521 neg=7413 ratio=77 opk=2390 verdict=JOG (armed)
FSM: Release (jog verdict) 
ARM q=10 a=1 v=1 g=0 ro=5
FSM: Transitioned to STATE_DECELERATING 
BURST k=arr pre=20 n=80 signed_mmss=-75 -63 27 33 -78 6 36 -4 -50 11 55 -10 -29 36 54 -22 -23 27 -10 4 8 -5 -1 -12 1 0 -5 -9 -2 -12 -15 0 -1 -2 -3 -5 4 -5 -4 13 -1 -8 -26 -4 18 -10 -7 9 -17 -19 -23 -6 -3 -14 -5 9 -17 20 6 0 -5 -2 -8 -23 -9 8 -1 -12 -7 12 19 5 -18 -13 4 -2 1 1 9 4 
FSM: Transitioned to STATE_STOPPED 
FSM: Transitioned to STATE_MONITORING 
ACC-STAT s=0xFD1C pin=0 n=9 sk=0
ACC-STAT s=0xFD34 pin=0 n=9 sk=0
ACC-STAT s=0xFD34 pin=0 n=9 sk=0
ACC-INT n=10 t=524517 st=2 bz=0 pin=1
FSM: Departure latched (any-motion) 
FSM: Transitioned to STATE_MOVEMENT_DETECTED 
ACC-STAT s=0x40 pin=0 n=10 sk=0
FSM: departure velocity w=0.000
FSM: Transitioned to STATE_MOVING 
ACC-INT n=11 t=525271 st=4 bz=0 pin=1
ACC-STAT s=0x40 pin=0 n=11 sk=0
BURST k=dep pre=20 n=80 signed_mmss=7 0 -4 -1 3 6 -23 16 -20 -24 26 -1 -43 -12 -53 -90 -153 -181 -236 -218 -282 -278 -256 -299 -250 -184 -88 -145 -104 -17 -54 -44 -10 3 -1 7 -26 -30 11 -21 34 -18 -9 26 -5 -19 36 34 21 -14 -27 -29 48 -51 -11 12 -24 28 38 43 -21 13 -19 -45 25 16 12 8 -35 -21 58 -20 -15 2 -26 -4 15 58 -39 9 
JOGV pos=0 neg=2337 ratio=0 opk=58 verdict=RUN (armed)
ACC-INT n=12 t=534478 st=4 bz=0 pin=1
ACC-STAT s=0x40 pin=0 n=12 sk=0
FSM: Arrival (polled), peak 2.093
ARM q=192 a=1 v=1 g=1 ro=25
FSM: Transitioned to STATE_DECELERATING 
ACC-INT n=13 t=535412 st=5 bz=0 pin=1
ACC-STAT s=0x40 pin=0 n=13 sk=0
ACC-INT n=14 t=536231 st=5 bz=0 pin=1
ACC-STAT s=0x40 pin=0 n=14 sk=0
BURST k=arr pre=20 n=80 signed_mmss=155 259 237 266 234 166 425 283 260 249 176 200 149 143 94 81 65 -2093 982 2008 -1460 -1180 1212 971 -950 -293 845 276 -500 42 708 -88 -312 189 233 -343 -95 205 -160 -199 156 85 -158 20 -18 59 24 -42 -5 4 -71 -8 -2 -16 3 10 11 25 -11 48 29 -7 13 24 9 -7 -17 -7 -30 -22 1 -1 0 1 -13 4 -13 -10 -23 -10 
ACC-STAT s=0xFD40 pin=0 n=14 sk=0
FSM: Transitioned to STATE_STOPPED 
FSM: Transitioned to STATE_MONITORING 
ACC-STAT s=0xFD2F pin=0 n=14 sk=0
ACC-STAT s=0xFD23 pin=0 n=14 sk=0
ACC-INT n=15 t=551944 st=2 bz=0 pin=1
FSM: Departure latched (any-motion) 
FSM: Transitioned to STATE_MOVEMENT_DETECTED 
FSM: departure velocity w=0.000
FSM: Transitioned to STATE_MOVING 
ACC-STAT s=0x40 pin=0 n=15 sk=0
BURST k=dep pre=20 n=80 signed_mmss=-13 -17 4 -13 -1 7 -153 49 1 -14 -16 14 64 46 75 67 101 172 170 208 266 336 283 281 163 98 64 89 122 69 87 15 -36 39 66 -26 -14 10 -29 -44 -12 18 3 2 1 -2 56 -62 -41 32 -35 -10 67 -41 -27 21 -18 -12 21 -37 -14 -10 -18 25 0 -45 18 -2 -30 -30 28 12 -39 18 -4 -13 15 6 -7 -12 
JOGV pos=1879 neg=153 ratio=8 opk=153 verdict=RUN (armed)
ACC-INT n=16 t=563216 st=4 bz=0 pin=1
ACC-STAT s=0x40 pin=0 n=16 sk=0
ACC-INT n=17 t=564019 st=4 bz=1 pin=1
FSM: Arrival (polled), peak 1.050
ARM q=219 a=1 v=1 g=1 ro=26
FSM: Transitioned to STATE_DECELERATING 
ACC-STAT s=0x40 pin=0 n=18 sk=0
ACC-INT n=18 t=564707 st=5 bz=0 pin=1
ACC-STAT s=0x40 pin=0 n=18 sk=0
BURST k=arr pre=20 n=80 signed_mmss=-293 -343 -348 -263 -387 -219 -315 -247 -231 -171 -155 -123 -18 -32 -1050 165 2277 -165 -1500 987 1415 -337 -965 210 820 -43 -675 172 417 12 -406 15 148 49 -204 -133 60 61 -46 -66 108 66 11 55 -61 -93 25 22 -71 -27 47 -12 -22 -11 10 7 -28 -24 4 -2 -17 -27 -11 -3 -44 -8 7 -13 -30 -20 -23 -4 0 -18 -2 -5 -21 -9 10 6 
FSM: Transitioned to STATE_STOPPED 
FSM: Transitioned to STATE_MONITORING 
ACC-STAT s=0xFD2B pin=0 n=18 sk=0
FSM: any-motion ignored, re-arm blanking 
ACC-INT n=19 t=573718 st=2 bz=0 pin=1
ACC-STAT s=0x40 pin=0 n=19 sk=1
FSM: any-motion ignored, re-arm blanking 
ACC-INT n=20 t=574275 st=2 bz=0 pin=1
ACC-STAT s=0x40 pin=0 n=20 sk=2
ACC-INT n=21 t=576094 st=2 bz=0 pin=1
ACC-STAT s=0x40 pin=1 n=22 sk=3
FSM: Departure latched (any-motion) 
ACC-INT n=22 t=576126 st=3 bz=0 pin=1
FSM: Transitioned to STATE_MOVEMENT_DETECTED 
FSM: departure velocity w=0.000
FSM: Transitioned to STATE_MOVING 
ACC-STAT s=0x40 pin=0 n=22 sk=0
ACC-INT n=23 t=577142 st=4 bz=0 pin=1
ACC-STAT s=0x40 pin=0 n=23 sk=0
BURST k=dep pre=20 n=80 signed_mmss=57 -44 -11 -1 -38 -6 3 -26 -4 4 76 102 79 182 173 223 140 267 272 281 254 331 231 270 209 36 34 -13 12 -1 -1890 522 2364 542 -1933 9 1324 81 -1308 -190 776 85 -784 -132 404 88 -253 -81 286 87 -127 -11 -56 -17 65 -7 -84 55 51 -25 -36 24 15 -48 12 7 -10 -37 -24 0 3 -50 -41 24 -5 -23 -4 27 -14 -23 
JOGV pos=8911 neg=6358 ratio=71 opk=1933 verdict=JOG (armed)
FSM: Release (jog verdict) 
ARM q=5 a=1 v=1 g=0 ro=6
FSM: Transitioned to STATE_DECELERATING 
BURST k=arr pre=20 n=80 signed_mmss=24 15 -48 12 7 -10 -37 -24 0 3 -50 -41 24 -5 -23 -4 27 -14 -23 -23 -10 11 -17 -26 -17 -17 -14 -18 5 -12 -27 -17 -13 -17 -9 -24 -15 -12 -5 -13 -2 4 -21 -15 -4 -7 -32 -17 -9 -4 -7 -11 -9 -4 8 -10 -23 1 3 -22 -11 -11 2 -18 -10 -10 1 -20 -18 -27 -13 -33 -26 -5 -8 -1 2 -10 -18 -17 
FSM: Transitioned to STATE_STOPPED 
FSM: Transitioned to STATE_MONITORING 
ACC-STAT s=0xFD24 pin=0 n=23 sk=0
ACC-INT n=24 t=623607 st=2 bz=0 pin=1
FSM: Departure latched (any-motion) 
FSM: Transitioned to STATE_MOVEMENT_DETECTED 
FSM: departure velocity w=0.000
FSM: Transitioned to STATE_MOVING 
ACC-STAT s=0x40 pin=0 n=24 sk=0
ACC-INT n=25 t=624164 st=4 bz=0 pin=1
ACC-STAT s=0x40 pin=0 n=25 sk=0
BURST k=dep pre=20 n=80 signed_mmss=33 16 -87 -125 -56 15 -10 7 -25 -16 -84 -104 -184 -185 -246 -231 -289 -309 -281 -274 -252 -284 -354 -180 -147 -46 -98 -26 44 -30 -36 -30 -10 -15 43 41 -40 -4 -8 -41 24 -7 -4 -2 -8 -17 7 16 -1 -1 0 -42 -33 31 20 -46 -37 37 3 -34 18 -36 -13 -22 9 6 -38 -14 -31 4 17 -9 -26 23 -54 23 51 -63 0 -6 
JOGV pos=0 neg=3069 ratio=0 opk=51 verdict=RUN (armed)
ACC-INT n=26 t=629194 st=4 bz=0 pin=1
FSM: Arrival (polled), peak 2.905
ARM q=107 a=1 v=1 g=1 ro=8
FSM: Transitioned to STATE_DECELERATING 
ACC-STAT s=0x40 pin=1 n=27 sk=0
ACC-INT n=27 t=630145 st=5 bz=1 pin=1
ACC-STAT s=0x40 pin=0 n=27 sk=0
BURST k=arr pre=20 n=80 signed_mmss=-13 31 10 -27 -13 -28 19 -23 -36 25 54 28 125 152 113 164 237 -2904 1331 2012 2844 1240 -1549 6 1393 307 -1033 -93 708 129 -565 -254 429 -36 -357 20 254 -56 -33 48 -65 -38 61 10 -93 7 43 14 -14 60 -19 -78 2 3 -29 -32 -23 6 -2 -4 -4 29 -17 -8 29 -14 -38 -29 -18 -4 -9 -8 -29 16 -14 -17 -6 1 -10 -5 
FSM: Transitioned to STATE_STOPPED 
FSM: Transitioned to STATE_MONITORING 
ACC-STAT s=0x0 pin=1 n=28 sk=0
ACC-INT n=28 t=702627 st=2 bz=0 pin=1
FSM: Departure latched (any-motion) 
FSM: Transitioned to STATE_MOVEMENT_DETECTED 
FSM: departure velocity w=0.000
FSM: Transitioned to STATE_MOVING 
ACC-STAT s=0x40 pin=0 n=28 sk=0
BURST k=dep pre=20 n=80 signed_mmss=-6 -1 -2 4 4 0 4 66 -102 -33 -8 -4 -27 -14 -36 -51 -87 -153 -161 -187 -228 -285 -321 -274 -289 -256 -193 -166 -68 -94 -83 -71 -24 4 -41 -8 -26 -32 25 49 -69 -11 26 1 7 -13 -26 5 -17 -19 -13 28 42 -48 -4 -1 -15 18 -5 -28 14 -13 5 22 24 -3 -57 23 -28 -31 45 -20 -27 -6 -52 10 20 -20 27 -44 
JOGV pos=0 neg=2513 ratio=0 opk=66 verdict=RUN (armed)
ACC-INT n=29 t=707706 st=4 bz=1 pin=1
ACC-STAT s=0x40 pin=0 n=29 sk=0
ACC-INT n=30 t=708345 st=4 bz=0 pin=1
FSM: Arrival (polled), peak 1.185
ARM q=92 a=1 v=1 g=1 ro=23
FSM: Transitioned to STATE_DECELERATING 
ACC-STAT s=0x40 pin=0 n=30 sk=0
ACC-INT n=31 t=708902 st=5 bz=1 pin=1
ACC-STAT s=0x40 pin=0 n=31 sk=0
BURST k=arr pre=20 n=80 signed_mmss=272 299 226 282 177 175 228 124 170 119 96 62 50 16 7 4 13 -1185 549 1825 -1010 -1071 958 962 -527 -316 -253 100 123 -360 -11 167 -211 -118 203 64 -209 40 125 -45 -63 131 97 -65 -15 38 4 -69 22 4 -63 1 10 16 -18 21 3 6 -16 -13 -24 -25 -24 1 -33 1 13 -21 -9 -13 -23 -24 -1 21 -36 -6 6 -7 2 -1 
ACC-STAT s=0xFD3F pin=0 n=31 sk=0
FSM: Transitioned to STATE_STOPPED 
FSM: Transitioned to STATE_MONITORING 
ACC-STAT s=0xFD3F pin=0 n=31 sk=0
ACC-STAT s=0xFD1A pin=0 n=31 sk=0
ACC-STAT s=0xFD43 pin=0 n=31 sk=1
ACC-STAT read FAILED
ACC-STAT s=0xFD2C pin=0 n=31 sk=0
ACC-STAT s=0xFD37 pin=0 n=31 sk=0
ACC-STAT s=0xFF2F pin=0 n=31 sk=0
ACC-STAT s=0xFD2B pin=0 n=31 sk=0
ACC-INT n=32 t=900595 st=2 bz=0 pin=1
FSM: Departure latched (any-motion) 
ACC-STAT s=0x40 pin=0 n=32 sk=0
FSM: Transitioned to STATE_MOVEMENT_DETECTED 
ACC-INT n=33 t=900644 st=3 bz=0 pin=1
FSM: departure velocity w=0.000
FSM: Transitioned to STATE_MOVING 
ACC-STAT s=0x40 pin=0 n=33 sk=0
BURST k=dep pre=20 n=80 signed_mmss=-21 -15 -7 -3 16 -17 62 -39 -20 -9 3 -24 34 42 45 75 84 134 140 217 280 276 300 331 342 205 105 51 64 187 31 91 4 11 53 19 -49 -26 -45 -29 21 -28 -17 25 1 9 -24 53 -23 7 0 -51 -48 52 -14 -14 -30 -53 2 -24 -4 -33 0 -11 -52 25 12 -36 42 -35 -34 40 25 -31 -45 -45 -18 71 11 -26 
JOGV pos=2138 neg=0 ratio=0 opk=53 verdict=RUN (armed)
ACC-INT n=34 t=924237 st=4 bz=0 pin=1
ACC-STAT s=0x40 pin=0 n=34 sk=0
FSM: Arrival (polled), peak 1.613
ARM q=255 a=1 v=1 g=1 ro=14
FSM: Transitioned to STATE_DECELERATING 
ACC-INT n=35 t=924598 st=5 bz=0 pin=1
ACC-STAT s=0x40 pin=0 n=35 sk=0
ACC-INT n=36 t=925466 st=5 bz=0 pin=1
ACC-STAT s=0x40 pin=0 n=36 sk=0
BURST k=arr pre=20 n=80 signed_mmss=-29 48 -37 28 -18 -73 -56 -4 -266 -314 -281 -256 -402 -279 -298 -319 -262 -1612 -128 385 158 -772 -247 497 616 -304 -575 100 521 31 -496 -103 243 174 -354 213 -66 -191 51 154 -21 -167 -58 101 52 -120 -109 56 42 -49 -68 20 50 -44 -54 16 40 -1 -55 -20 6 0 -20 -38 -7 -27 11 15 -25 -26 -18 6 -10 -23 -28 -2 -2 -9 -19 -12 
FSM: Transitioned to STATE_STOPPED 
FSM: Transitioned to STATE_MONITORING 
FSM: any-motion ignored, re-arm blanking 
ACC-INT n=37 t=934166 st=2 bz=0 pin=1
ACC-STAT s=0x40 pin=0 n=37 sk=1
FSM: any-motion ignored, re-arm blanking 
ACC-INT n=38 t=935264 st=2 bz=0 pin=1
ACC-STAT s=0x40 pin=0 n=38 sk=2
ACC-INT n=39 t=950812 st=2 bz=0 pin=1
FSM: Departure latched (any-motion) 
FSM: Transitioned to STATE_MOVEMENT_DETECTED 
FSM: departure velocity w=0.000
FSM: Transitioned to STATE_MOVING 
ACC-STAT s=0x40 pin=0 n=39 sk=0
ACC-INT n=40 t=951943 st=4 bz=0 pin=1
ACC-STAT s=0x40 pin=0 n=40 sk=0
BURST k=dep pre=20 n=80 signed_mmss=-43 11 -59 3 42 -31 -16 22 -44 -5 103 30 31 121 155 152 88 216 281 216 428 156 333 291 66 66 44 79 28 36 3 21 -936 60 1932 -99 -1684 92 1176 -254 -972 35 558 -244 -481 371 205 -261 -236 144 54 -144 -49 -52 -29 -63 7 -1 -59 -32 17 0 -50 -24 16 -6 -33 5 33 -35 -27 19 6 -23 -27 -4 -15 -18 0 0 
JOGV pos=6470 neg=5068 ratio=78 opk=1684 verdict=JOG (armed)
FSM: Release (jog verdict) 
ARM q=8 a=1 v=1 g=0 ro=2
FSM: Transitioned to STATE_DECELERATING 
BURST k=arr pre=20 n=80 signed_mmss=-50 -24 16 -6 -33 5 33 -35 -27 19 6 -23 -27 -4 -15 -18 0 0 -18 -14 9 -14 -16 -1 -13 -4 -7 13 -20 -21 3 -5 -14 -16 -15 -15 -20 -21 -12 -18 -21 -26 -7 -2 -5 -13 -18 -4 2 -22 -26 -13 -7 -17 -19 -14 -10 -8 -1 -5 -15 -15 -5 -14 -7 -8 -18 -9 -18 -17 -13 -2 -3 -13 7 -13 -8 1 -12 12 
FSM: Transitioned to STATE_STOPPED 
FSM: Transitioned to STATE_MONITORING 
FSM: any-motion ignored, re-arm blanking 
ACC-INT n=41 t=963624 st=2 bz=0 pin=1
ACC-STAT s=0x40 pin=1 n=42 sk=1
FSM: any-motion ignored, re-arm blanking 
ACC-INT n=42 t=964231 st=2 bz=0 pin=1
ACC-STAT s=0x40 pin=0 n=42 sk=2
ACC-INT n=43 t=981123 st=2 bz=0 pin=1
FSM: Departure latched (any-motion) 
FSM: Transitioned to STATE_MOVEMENT_DETECTED 
FSM: departure velocity w=0.000
FSM: Transitioned to STATE_MOVING 
ACC-STAT s=0xFD35 pin=0 n=43 sk=0
ACC-INT n=44 t=982269 st=4 bz=0 pin=1
ACC-STAT s=0x40 pin=0 n=44 sk=0
ACC-INT n=45 t=983040 st=4 bz=1 pin=1
ACC-STAT s=0x40 pin=0 n=45 sk=0
BURST k=dep pre=20 n=80 signed_mmss=-12 -3 -13 -35 10 25 -57 -37 -27 -38 -10 -5 2 -58 -33 -87 -90 -108 -133 -177 -197 -292 -299 -303 -223 -268 -108 -92 -90 -81 -62 -68 -38 -18 -2 -2294 438 1859 721 -1812 -878 961 707 -604 -1054 133 801 125 -741 -354 513 522 -269 -400 182 497 -218 -433 -198 -168 118 145 -68 -166 9 157 13 -139 -23 68 1 -95 -36 50 17 -63 -63 18 46 -18 
JOGV pos=7358 neg=11348 ratio=64 opk=1859 verdict=JOG (armed)
FSM: Release (jog verdict) 
ARM q=9 a=1 v=1 g=0 ro=3
FSM: Transitioned to STATE_DECELERATING 
BURST k=arr pre=20 n=80 signed_mmss=-68 -166 9 157 13 -139 -23 68 1 -95 -36 50 17 -63 -63 18 46 -18 0 -8 -24 -13 0 10 -38 -5 -8 -8 -19 -13 -13 -7 -10 7 -12 -7 -1 12 -10 -4 -22 -3 9 -4 -19 -7 -9 -1 -16 -1 -2 -9 -6 -20 -15 -7 -11 -5 -10 12 -11 -15 -8 -16 -2 -2 -18 -2 -1 -18 -14 -7 -10 -6 -4 -1 -8 -9 6 3 
FSM: Transitioned to STATE_STOPPED 
FSM: Transitioned to STATE_MONITORING 
FSM: any-motion ignored, re-arm blanking 
ACC-INT n=46 t=994000 st=2 bz=0 pin=1
ACC-STAT s=0x40 pin=0 n=46 sk=1
FSM: any-motion ignored, re-arm blanking 
ACC-INT n=47 t=994689 st=2 bz=0 pin=1
ACC-STAT s=0x40 pin=0 n=47 sk=2
ACC-INT n=48 t=1008746 st=2 bz=0 pin=1
FSM: Departure latched (any-motion) 
FSM: Transitioned to STATE_MOVEMENT_DETECTED 
ACC-STAT s=0x40 pin=0 n=48 sk=0
FSM: departure velocity w=0.000
FSM: Transitioned to STATE_MOVING 
ACC-INT n=49 t=1009451 st=4 bz=0 pin=1
ACC-STAT s=0x40 pin=1 n=50 sk=0
ACC-INT n=50 t=1009893 st=4 bz=0 pin=1
ACC-STAT s=0x40 pin=0 n=50 sk=0
BURST k=dep pre=20 n=80 signed_mmss=13 14 -34 3 -30 -5 -26 -5 39 -20 39 57 88 118 148 112 186 113 251 309 306 278 298 212 282 185 69 58 6 23 13 -969 198 1876 -1457 -1266 956 1256 -230 -763 276 676 -30 -517 209 382 -117 -359 67 148 -33 -136 40 -46 -2 58 6 -78 -50 22 4 -55 -57 29 -12 -33 9 30 -38 -20 30 37 -53 -13 19 -14 -23 3 -10 -7 
JOGV pos=8136 neg=5561 ratio=68 opk=1457 verdict=JOG (armed)
FSM: Release (jog verdict) 
ARM q=5 a=1 v=1 g=0 ro=4
FSM: Transitioned to STATE_DECELERATING 
BURST k=arr pre=20 n=80 signed_mmss=-57 29 -12 -33 9 30 -38 -20 30 37 -53 -13 19 -14 -23 3 -10 -7 3 -35 -26 -9 8 1 -35 -12 -1 -9 -33 -26 7 -19 -20 -5 -1 -29 -12 -7 -2 -14 -11 2 5 -4 -28 -7 3 -11 0 -9 -1 -12 -14 -15 17 -5 -10 -24 -5 -7 -17 -8 -14 -16 -2 -7 -14 -11 -15 0 -22 1 -13 -5 -28 -3 3 -17 -9 -17 
FSM: Transitioned to STATE_STOPPED 
FSM: Transitioned to STATE_MONITORING 
ACC-STAT s=0xFD3C pin=0 n=50 sk=0
ACC-STAT s=0xFD21 pin=0 n=50 sk=0
ACC-STAT s=0xFD35 pin=0 n=50 sk=0
ACC-STAT s=0xFD29 pin=0 n=50 sk=0
ACC-STAT s=0xFD3E pin=0 n=50 sk=0
ACC-STAT s=0xFD36 pin=0 n=50 sk=0
ACC-STAT s=0xFD43 pin=0 n=50 sk=1
ACC-STAT s=0xFD3A pin=0 n=50 sk=0
ACC-STAT s=0xFD40 pin=0 n=50 sk=1
ACC-STAT s=0xFD2F pin=0 n=50 sk=0
ACC-STAT s=0xFD3A pin=0 n=50 sk=0
ACC-STAT s=0xFD41 pin=0 n=50 sk=1
ACC-STAT s=0xFD26 pin=0 n=50 sk=0
ACC-INT n=51 t=1313685 st=2 bz=0 pin=1
FSM: Departure latched (any-motion) 
FSM: Transitioned to STATE_MOVEMENT_DETECTED 
FSM: departure velocity w=0.000
FSM: Transitioned to STATE_MOVING 
ACC-STAT s=0x40 pin=0 n=51 sk=0
BURST k=dep pre=20 n=80 signed_mmss=-11 6 28 73 -85 -44 -21 -14 -26 42 36 57 45 72 98 173 223 231 289 329 323 294 256 227 291 75 133 78 82 -35 50 -23 26 18 -72 -6 -20 -18 0 -27 0 27 -37 24 39 -31 55 -29 -51 -22 -23 13 -30 25 6 -29 45 -36 -18 26 14 -59 -20 39 -28 23 -2 -84 -29 58 -4 -18 -17 -56 16 16 -3 -60 6 10 
JOGV pos=2636 neg=0 ratio=0 opk=85 verdict=RUN (armed)
ACC-INT n=52 t=1323597 st=4 bz=0 pin=1
ACC-STAT s=0x40 pin=0 n=52 sk=0
ACC-INT n=53 t=1323646 st=4 bz=0 pin=1
ACC-STAT s=0x40 pin=0 n=53 sk=0
FSM: Arrival (any-motion), edges 2 peak 1.717
ARM q=199 a=1 v=1 g=1 ro=24
FSM: Transitioned to STATE_DECELERATING 
ACC-INT n=54 t=1324810 st=5 bz=0 pin=1
ACC-STAT s=0x40 pin=0 n=54 sk=0
ACC-INT n=55 t=1325760 st=5 bz=0 pin=1
ACC-STAT s=0x40 pin=0 n=55 sk=0
BURST k=arr pre=20 n=80 signed_mmss=-294 -292 -312 -222 -302 -333 -344 -220 -318 -225 -223 -172 -167 -31 13 -1611 292 1716 -783 -1788 -317 1155 436 -856 -595 752 395 -591 -407 335 457 -247 -511 82 391 0 -455 -57 340 101 -312 -119 222 75 -249 -99 -110 45 66 -52 -105 25 74 -11 -50 20 49 -39 -37 22 35 -42 -45 4 25 -2 -48 3 19 -23 -14 4 -1 -36 -18 -24 0 -15 -7 -5 
FSM: Transitioned to STATE_STOPPED 
FSM: Transitioned to STATE_MONITORING 
ACC-INT n=56 t=1346011 st=2 bz=0 pin=1
FSM: Departure latched (any-motion) 
FSM: Transitioned to STATE_MOVEMENT_DETECTED 
FSM: departure velocity w=0.000
FSM: Transitioned to STATE_MOVING 
ACC-STAT s=0x40 pin=0 n=56 sk=0
BURST k=dep pre=20 n=80 signed_mmss=-65 -11 8 9 -8 -29 -80 -139 -169 -220 -217 -257 -281 -269 -335 -259 -306 -338 -208 -342 -193 -133 -187 -159 -104 -73 -57 -29 25 -16 19 30 -1 -24 -17 -29 -11 -8 -4 -5 -32 -4 -21 12 -11 -22 -12 6 6 9 28 -71 36 -4 -19 7 -33 25 -36 4 -48 16 22 -51 -27 6 -47 10 24 24 -33 -3 -37 -36 38 0 -23 25 -44 -26 
JOGV pos=0 neg=3740 ratio=0 opk=38 verdict=RUN (armed)
ACC-INT n=57 t=1358610 st=4 bz=0 pin=1
ACC-STAT s=0x40 pin=0 n=57 sk=0
ACC-INT n=58 t=1359396 st=4 bz=0 pin=1
FSM: Arrival (any-motion), edges 2 peak 2.453
ARM q=246 a=1 v=1 g=1 ro=21
FSM: Transitioned to STATE_DECELERATING 
ACC-STAT s=0xFD69 pin=0 n=58 sk=0
BURST k=arr pre=20 n=80 signed_mmss=258 250 294 210 303 274 216 139 189 110 111 67 77 66 60 -2343 2452 1810 -1912 -1050 1339 107 -1181 -155 839 12 203 -14 -130 115 48 -94 0 0 -96 -1 40 -19 -81 72 18 -98 -21 15 -51 -41 10 -8 -63 -15 -1 -39 -25 -19 -26 -8 13 -33 -27 -20 -13 -31 -10 0 -14 -14 -1 -20 -6 -12 -32 -15 -17 -20 -8 11 -27 -10 -17 -10 
FSM: Transitioned to STATE_STOPPED 
FSM: Transitioned to STATE_MONITORING 
FSM: any-motion ignored, re-arm blanking 
ACC-INT n=59 t=1369227 st=2 bz=0 pin=1
ACC-STAT s=0x40 pin=0 n=59 sk=1
FSM: any-motion ignored, re-arm blanking 
ACC-INT n=60 t=1370013 st=2 bz=0 pin=1
ACC-STAT s=0x40 pin=0 n=60 sk=2
ACC-INT n=61 t=1376911 st=2 bz=0 pin=1
FSM: Departure latched (any-motion) 
FSM: Transitioned to STATE_MOVEMENT_DETECTED 
FSM: departure velocity w=0.000
FSM: Transitioned to STATE_MOVING 
ACC-STAT s=0x40 pin=0 n=61 sk=0
ACC-INT n=62 t=1377796 st=4 bz=0 pin=1
ACC-STAT s=0x40 pin=0 n=62 sk=0
BURST k=dep pre=20 n=80 signed_mmss=3 -24 -26 1 -19 -19 -39 -50 -46 -1 -43 -90 -145 -150 -157 -217 -275 -338 -303 -224 -387 -271 -339 -317 -271 -250 -217 298 1717 -770 -1674 130 1267 -87 -1070 -247 818 269 -589 -184 528 76 -390 -181 263 128 -232 -263 122 119 -126 -235 82 69 60 -64 -124 51 61 -74 -84 46 26 -61 -43 -16 27 -22 -42 15 15 -23 -44 -6 13 -41 -29 10 -4 19 
JOGV pos=5160 neg=9401 ratio=54 opk=1717 verdict=JOG (armed)
FSM: Release (jog verdict) 
ARM q=39 a=1 v=1 g=0 ro=3
FSM: Transitioned to STATE_DECELERATING 
BURST k=arr pre=20 n=80 signed_mmss=26 -61 -43 -16 27 -22 -42 15 15 -23 -44 -6 13 -41 -29 10 -4 19 0 -14 -17 -11 -6 -5 -34 -10 15 -2 -18 -5 13 -23 -21 -6 1 -2 -24 -10 -21 -1 -32 -12 -13 -23 -9 -23 -9 -7 -28 -15 -5 -9 -14 -20 -25 -11 -20 -15 -12 -18 -12 -10 -1 -23 -21 -2 5 -20 -27 -15 0 -28 -20 -6 -17 -23 -21 -13 -20 -17 
FSM: Transitioned to STATE_STOPPED 
FSM: Transitioned to STATE_MONITORING 
ACC-STAT s=0xFD35 pin=0 n=62 sk=0
ACC-STAT read FAILED
ACC-STAT s=0xFD3D pin=0 n=62 sk=0
ACC-STAT s=0xFD2C pin=0 n=62 sk=0
ACC-INT n=63 t=1506770 st=2 bz=0 pin=1
FSM: Departure latched (any-motion) 
FSM: Transitioned to STATE_MOVEMENT_DETECTED 
FSM: departure velocity w=0.000
FSM: Transitioned to STATE_MOVING 
ACC-STAT s=0x40 pin=0 n=63 sk=0
BURST k=dep pre=20 n=80 signed_mmss=-4 -17 -21 128 -68 -135 -11 58 -46 -32 -32 -72 -147 -180 -221 -215 -268 -236 -298 -293 -280 -287 -241 -335 -263 -108 -73 -32 -7 -23 -24 -32 -19 -27 22 14 -4 4 18 -4 -40 -22 8 -41 -9 13 -21 -7 -14 -3 16 -16 -9 19 13 -32 -24 25 1 -37 18 -33 22 26 16 -28 0 -62 -8 0 -23 10 13 -20 -56 30 58 -57 6 -6 
JOGV pos=0 neg=3117 ratio=0 opk=128 verdict=RUN (armed)
ACC-STAT s=0xFD28 pin=0 n=63 sk=0
ACC-INT n=64 t=1513455 st=4 bz=0 pin=1
ACC-STAT s=0x40 pin=0 n=64 sk=0
FSM: Arrival (polled), peak 1.812
ARM q=127 a=1 v=1 g=1 ro=17
FSM: Transitioned to STATE_DECELERATING 
ACC-INT n=65 t=1514405 st=5 bz=0 pin=1
ACC-STAT s=0x40 pin=0 n=65 sk=0
BURST k=arr pre=20 n=80 signed_mmss=256 348 256 217 198 210 134 152 89 51 84 41 -5 43 27 42 -4 -1811 481 1959 -1269 -1700 785 370 170 -460 -124 209 31 -145 35 -5 -18 24 40 -50 51 34 -23 -24 6 36 -77 -31 18 -18 -51 -3 31 -16 -1 -54 -2 9 -11 -27 -1 21 -13 -20 1 -17 4 -17 -9 0 -24 -14 -1 -7 -16 -7 -6 -14 -11 -8 -13 -8 -12 -9 
FSM: Transitioned to STATE_STOPPED 
FSM: Transitioned to STATE_MONITORING 
ACC-STAT s=0xFD3E pin=0 n=65 sk=0
ACC-STAT s=0xFD46 pin=0 n=65 sk=1
ACC-STAT s=0xFD53 pin=0 n=65 sk=2
ACC-INT n=66 t=1536016 st=2 bz=0 pin=1
FSM: Departure latched (any-motion) 
FSM: Transitioned to STATE_MOVEMENT_DETECTED 
ACC-STAT s=0x40 pin=0 n=66 sk=0
ACC-INT n=67 t=1536098 st=3 bz=0 pin=1
FSM: departure velocity w=0.000
FSM: Transitioned to STATE_MOVING 
ACC-STAT s=0x40 pin=0 n=67 sk=0
BURST k=dep pre=20 n=80 signed_mmss=-22 -5 -21 -7 -5 9 14 -94 -10 -26 -26 24 62 57 45 72 92 125 160 207 319 270 284 357 317 133 145 48 12 67 120 101 -14 -36 18 -62 -19 12 -67 -18 -35 -27 -30 19 28 -21 16 -28 -12 40 -31 -30 0 -31 -26 30 -17 -26 4 -50 1 11 -39 -13 -35 -5 67 -25 -50 -7 -33 -17 -53 -5 21 -45 24 -20 -55 24 
JOGV pos=1914 neg=0 ratio=0 opk=94 verdict=RUN (armed)
ACC-INT n=68 t=1540653 st=4 bz=0 pin=1
ACC-STAT s=0x40 pin=0 n=68 sk=0
FSM: Arrival (polled), peak 1.957
ARM q=86 a=1 v=1 g=1 ro=26
FSM: Transitioned to STATE_DECELERATING 
ACC-INT n=69 t=1541586 st=5 bz=0 pin=1
ACC-STAT s=0x40 pin=0 n=69 sk=0
BURST k=arr pre=20 n=80 signed_mmss=-175 -263 -295 -284 -269 -398 -215 -316 -252 -274 -78 -56 -44 -40 -18 -44 -33 -1957 1140 1652 -1466 -1098 1239 1028 -558 -748 552 668 -184 -545 213 416 -247 -377 -80 163 -38 -196 33 110 73 -141 25 -118 -85 39 39 -83 -75 64 51 -43 -30 56 -7 -63 -29 51 -32 -57 -12 9 -23 -36 -39 5 12 -38 -26 7 -6 -13 -7 -11 -1 -10 -39 -10 -12 -23 
FSM: Transitioned to STATE_STOPPED 
FSM: Transitioned to STATE_MONITORING 
FSM: any-motion ignored, re-arm blanking 
ACC-INT n=70 t=1550532 st=2 bz=0 pin=1
ACC-STAT s=0x40 pin=0 n=70 sk=1
FSM: any-motion ignored, re-arm blanking 
ACC-INT n=71 t=1551351 st=2 bz=0 pin=1
ACC-STAT s=0x40 pin=0 n=71 sk=2
FSM: any-motion ignored, re-arm blanking 
ACC-INT n=72 t=1552580 st=2 bz=0 pin=1
ACC-STAT s=0x40 pin=1 n=73 sk=3
ACC-INT n=73 t=1553072 st=2 bz=0 pin=1
FSM: Departure latched (any-motion) 
FSM: Transitioned to STATE_MOVEMENT_DETECTED 
FSM: departure velocity w=0.000
FSM: Transitioned to STATE_MOVING 
ACC-STAT s=0x40 pin=0 n=73 sk=0
BURST k=dep pre=20 n=80 signed_mmss=40 60 133 -697 -206 3077 3069 1368 -49 -1301 556 1025 -301 -723 433 634 -201 -705 184 494 -107 -457 -174 246 -47 -290 44 -165 45 102 16 -164 -87 75 37 -117 -92 33 -6 -90 5 67 -32 -46 23 25 -11 -39 -13 -23 16 -35 -21 0 -17 -21 -1 -5 -35 -11 -26 -13 -13 -29 -21 -11 -4 -30 -14 7 -4 -14 -10 2 -4 -12 -10 -23 5 -7 
JOGV pos=11086 neg=5384 ratio=48 opk=1301 verdict=JOG (armed)
FSM: Release (jog verdict) 
ARM q=57 a=1 v=1 g=0 ro=1
FSM: Transitioned to STATE_DECELERATING 
BURST k=arr pre=20 n=80 signed_mmss=-13 -29 -21 -11 -4 -30 -14 7 -4 -14 -10 2 -4 -12 -10 -23 5 -7 -24 -18 -7 -10 -17 -16 -10 -16 -6 -20 -9 -14 -3 0 -4 -18 6 -19 -37 -26 -17 -7 -16 -20 -5 -8 -11 -17 -6 4 -13 -21 -16 -18 -14 -2 3 -17 -1 -17 -8 -11 -3 -18 -27 0 7 -11 -23 -14 -5 -22 -6 -4 6 -11 -21 -7 -17 -4 -9 -3 
ACC-STAT s=0xFD00 pin=0 n=73 sk=0
FSM: Transitioned to STATE_STOPPED 
FSM: Transitioned to STATE_MONITORING 
ACC-STAT s=0xFD2F pin=0 n=73 sk=0
ACC-INT n=74 t=1625079 st=2 bz=0 pin=1
FSM: Departure latched (any-motion) 
FSM: Transitioned to STATE_MOVEMENT_DETECTED 
FSM: departure velocity w=0.000
FSM: Transitioned to STATE_MOVING 
ACC-STAT s=0x40 pin=0 n=74 sk=0
ACC-INT n=75 t=1625849 st=4 bz=0 pin=1
ACC-STAT s=0x40 pin=0 n=75 sk=0
BURST k=dep pre=20 n=80 signed_mmss=-5 -6 -8 2 3 16 82 -97 -56 -24 -8 -14 -53 -8 -56 -134 -162 -167 -241 -258 -236 -298 -360 -295 -301 -266 -295 -74 -83 -61 -94 -64 -29 -38 14 1 0 -9 10 -54 32 6 17 18 -13 -8 -34 3 0 -55 2 20 -20 25 14 -52 24 1 -63 -9 42 -39 -52 16 -38 -10 23 -16 -28 33 -21 -57 1 28 -15 -20 -31 -8 20 13 
JOGV pos=0 neg=2879 ratio=0 opk=82 verdict=RUN (armed)
ACC-INT n=76 t=1629290 st=4 bz=0 pin=1
ACC-STAT s=0x40 pin=0 n=76 sk=0
ACC-INT n=77 t=1629929 st=4 bz=0 pin=1
FSM: Arrival (any-motion), edges 2 peak 2.249
ARM q=75 a=1 v=1 g=1 ro=28
FSM: Transitioned to STATE_DECELERATING 
ACC-STAT s=0x40 pin=1 n=78 sk=0
ACC-INT n=78 t=1630814 st=5 bz=0 pin=1
ACC-STAT s=0x40 pin=0 n=78 sk=0
BURST k=arr pre=20 n=80 signed_mmss=230 323 255 266 230 142 174 113 75 82 46 43 37 33 0 7 21 -2249 2556 -491 726 313 -691 44 394 56 -408 100 177 -18 -86 95 22 -69 57 28 -73 0 28 -53 -81 77 6 -78 -10 45 -42 -51 36 -18 -56 19 -41 -21 -11 -6 -39 -17 1 -41 -12 -7 -15 -16 3 3 -10 2 -33 -29 4 -24 -38 -11 -5 -15 -5 14 -17 -10 
FSM: Transitioned to STATE_STOPPED 
FSM: Transitioned to STATE_MONITORING 
FSM: any-motion ignored, re-arm blanking 
ACC-INT n=79 t=1639251 st=2 bz=0 pin=1
ACC-STAT s=0x40 pin=0 n=79 sk=1
FSM: any-motion ignored, re-arm blanking 
ACC-INT n=80 t=1640251 st=2 bz=0 pin=1
ACC-STAT s=0x40 pin=0 n=80 sk=2
ACC-STAT s=0xFD40 pin=0 n=80 sk=1
ACC-INT n=81 t=1645428 st=2 bz=0 pin=1
FSM: Departure latched (any-motion) 
FSM: Transitioned to STATE_MOVEMENT_DETECTED 
FSM: departure velocity w=0.000
FSM: Transitioned to STATE_MOVING 
ACC-STAT s=0x40 pin=0 n=81 sk=0
ACC-INT n=82 t=1646379 st=4 bz=0 pin=1
ACC-STAT s=0x40 pin=0 n=82 sk=0
ACC-INT n=83 t=1647263 st=4 bz=1 pin=1
ACC-STAT s=0x40 pin=0 n=83 sk=0
BURST k=dep pre=20 n=80 signed_mmss=8 39 -60 -71 16 -9 -33 -15 -69 -109 -83 -141 -116 -229 -208 -287 -309 -269 -293 -406 -303 -241 -290 -275 -206 -220 -163 -11 -29 -15 -1944 704 2379 607 -1624 -165 1352 165 -1324 -379 757 301 -780 -358 401 336 -190 -258 254 219 -53 -173 110 -24 157 18 -149 22 127 1 -83 3 64 2 -45 -30 40 -17 -57 1 61 -24 -63 3 59 -32 -15 20 28 -15 
JOGV pos=7632 neg=10894 ratio=70 opk=2379 verdict=JOG (armed)
FSM: Release (jog verdict) 
ARM q=36 a=1 v=1 g=0 ro=3
FSM: Transitioned to STATE_DECELERATING 
BURST k=arr pre=20 n=80 signed_mmss=64 2 -45 -30 40 -17 -57 1 61 -24 -63 3 59 -32 -15 20 28 -15 6 -25 -17 -18 -17 -10 -16 -26 -10 -5 -17 -18 6 -8 -20 -4 -8 -14 -16 -3 -23 11 -33 -18 0 -2 -25 -30 2 -1 -21 -13 -16 -4 -23 -23 -10 -4 -18 -24 -11 -20 -13 3 15 4 -14 -1 -13 -4 -9 -22 -28 -28 -30 -44 -32 -18 -19 -2 -9 -15 
FSM: Transitioned to STATE_STOPPED 
FSM: Transitioned to STATE_MONITORING 
ACC-STAT s=0xFD38 pin=0 n=83 sk=0
ACC-STAT s=0xFD36 pin=0 n=83 sk=0
ACC-STAT s=0xFD28 pin=0 n=83 sk=0
ACC-STAT s=0xFD25 pin=0 n=83 sk=0
ACC-STAT s=0xFD3A pin=0 n=83 sk=0
ACC-STAT s=0xFD12 pin=0 n=83 sk=0
ACC-STAT s=0xFD28 pin=0 n=83 sk=0
ACC-STAT s=0xFD4C pin=0 n=83 sk=1
ACC-INT n=84 t=1918074 st=2 bz=0 pin=1
FSM: Departure latched (any-motion) 
FSM: Transitioned to STATE_MOVEMENT_DETECTED 
FSM: departure velocity w=0.000
FSM: Transitioned to STATE_MOVING 
ACC-STAT s=0x40 pin=0 n=84 sk=0
ACC-INT n=85 t=1918746 st=4 bz=0 pin=1
ACC-STAT s=0x40 pin=0 n=85 sk=0
ACC-INT n=86 t=1920319 st=4 bz=0 pin=1
ACC-STAT s=0x40 pin=0 n=86 sk=0
BURST k=dep pre=20 n=80 signed_mmss=-2 -8 -1 27 49 -83 -95 0 28 -29 -44 -20 -66 -128 -157 -179 -238 -226 -263 -268 -357 -298 -296 -284 -356 -113 -357 -93 -45 -26 22 -55 -11 -33 -1 49 -26 -4 34 -22 8 -21 13 -38 16 3 -32 9 1 -31 -24 15 -18 19 -18 -45 -16 -20 164 130 201 222 253 264 295 291 287 234 325 252 212 156 152 119 93 35 49 25 54 24 
JOGV pos=3308 neg=3279 ratio=99 opk=357 verdict=RUN (armed)
ACC-INT n=87 t=1921171 st=4 bz=0 pin=1
FSM: Arrival (polled), peak 2.188
ARM q=31 a=1 v=1 g=1 ro=23
FSM: Transitioned to STATE_DECELERATING 
ACC-STAT s=0x40 pin=0 n=87 sk=0
ACC-INT n=88 t=1921810 st=5 bz=1 pin=1
ACC-STAT s=0x40 pin=0 n=88 sk=0
BURST k=arr pre=20 n=80 signed_mmss=264 295 291 287 234 325 252 212 156 152 119 93 35 49 25 54 24 -1107 -128 853 19 -638 36 483 99 45 -75 -113 85 26 -48 -63 27 79 -13 -35 23 88 -53 -62 30 -5 -15 -4 42 -37 -45 26 14 -2 -10 -3 4 1 15 -24 -29 5 1 -18 1 11 -5 -14 -2 7 9 -29 -13 24 -2 -23 -2 3 -7 -19 1 0 -20 -6 
FSM: Transitioned to STATE_STOPPED 
FSM: Transitioned to STATE_MONITORING 
ACC-STAT s=0xFD26 pin=0 n=88 sk=0
ACC-STAT s=0xFD64 pin=0 n=88 sk=1
ACC-INT n=89 t=1945321 st=2 bz=0 pin=1
FSM: Departure latched (any-motion) 
FSM: Transitioned to STATE_MOVEMENT_DETECTED 
ACC-STAT s=0x40 pin=0 n=89 sk=0
ACC-INT n=90 t=1945616 st=3 bz=0 pin=1
FSM: departure velocity w=0.000
FSM: Transitioned to STATE_MOVING 
ACC-STAT s=0x40 pin=0 n=90 sk=0
ACC-INT n=91 t=1947107 st=4 bz=0 pin=1
ACC-STAT s=0xFD33 pin=1 n=92 sk=0
ACC-INT n=92 t=1947631 st=4 bz=0 pin=1
BURST k=dep pre=20 n=80 signed_mmss=52 -23 -75 -73 25 19 45 67 79 57 12 92 112 204 330 324 339 346 339 330 257 158 188 125 201 71 77 53 15 -57 -33 -59 -72 -57 33 -15 -2 -14 0 39 54 1 -1 -41 -22 -70 -42 -78 -105 -111 -125 -84 -212 -196 -257 -256 -251 -326 -399 -330 -134 -851 5 1761 733 -1214 -826 1002 821 -515 -612 395 334 -607 -375 241 290 -268 -293 163 
JOGV pos=8756 neg=7788 ratio=88 opk=1214 verdict=JOG (armed)
ACC-STAT s=0x40 pin=0 n=92 sk=0
FSM: Release (jog verdict) 
ARM q=25 a=1 v=1 g=0 ro=3
FSM: Transitioned to STATE_DECELERATING 
BURST k=arr pre=20 n=80 signed_mmss=1761 733 -1214 -826 1002 821 -515 -612 395 334 -607 -375 241 290 -268 -293 163 -113 -21 96 -29 -139 48 84 -27 30 -29 -59 14 10 -42 -51 22 16 -20 -42 18 13 -11 -2 -9 4 -21 -13 -1 -4 -15 2 18 1 -27 8 11 0 -25 2 -3 -22 -17 -29 -7 -17 -32 5 8 -5 -19 -23 -7 -4 -7 -12 -26 -13 -7 -23 9 6 -4 -31 
FSM: Transitioned to STATE_STOPPED 
FSM: Transitioned to STATE_MONITORING 
ACC-STAT s=0xFD30 pin=0 n=92 sk=0
ACC-STAT s=0xFD30 pin=0 n=92 sk=0
ACC-STAT s=0xFD34 pin=0 n=92 sk=0
ACC-STAT s=0xFD10 pin=0 n=92 sk=0
ACC-STAT s=0xFD2F pin=0 n=92 sk=0
ACC-STAT s=0xFD2B pin=0 n=92 sk=0
ACC-INT n=93 t=2025881 st=2 bz=0 pin=1
FSM: Departure latched (any-motion) 
FSM: Transitioned to STATE_MOVEMENT_DETECTED 
FSM: departure velocity w=0.000
FSM: Transitioned to STATE_MOVING 
ACC-STAT s=0x40 pin=0 n=93 sk=0
BURST k=dep pre=20 n=80 signed_mmss=10 -15 -5 -1 10 4 1 -141 -24 -33 12 -22 -29 4 -62 -136 -202 -219 -179 -208 -204 -265 -139 -136 -142 -91 -96 20 -98 76 -115 78 -3 27 119 -102 112 -24 -108 4 -24 -104 78 -73 9 52 -54 -29 -10 85 -90 31 -4 -102 -5 3 -60 75 -90 13 12 -89 51 -10 -62 92 -75 15 51 -116 54 -19 -35 24 -70 -30 67 42 54 -7 
JOGV pos=0 neg=1277 ratio=0 opk=119 verdict=RUN (armed)
ACC-INT n=94 t=2029731 st=4 bz=0 pin=1
FSM: Arrival (polled), peak 2.923
ARM q=53 a=1 v=1 g=1 ro=18
FSM: Transitioned to STATE_DECELERATING 
ACC-STAT s=0x40 pin=0 n=95 sk=0
ACC-INT n=95 t=2030239 st=5 bz=0 pin=1
ACC-STAT s=0x40 pin=0 n=95 sk=0
ACC-STAT s=0xFD54 pin=0 n=95 sk=0
BURST k=arr pre=20 n=80 signed_mmss=54 -19 -35 24 -70 -30 67 42 54 -7 182 121 115 104 51 60 213 2922 662 -1724 -854 1183 645 -758 -556 651 515 -529 -282 315 231 -266 -180 202 188 -53 -110 118 116 52 -86 -75 106 33 -70 -77 91 -15 42 -29 -9 9 30 -36 -29 15 10 -50 -29 6 19 -27 -23 10 29 -13 9 1 -7 -21 -14 19 0 -23 -4 4 -17 -24 -21 -13 
FSM: Transitioned to STATE_STOPPED 
FSM: Transitioned to STATE_MONITORING 
ACC-INT n=96 t=2060910 st=2 bz=0 pin=1
FSM: Departure latched (any-motion) 
FSM: Transitioned to STATE_MOVEMENT_DETECTED 
FSM: departure velocity w=0.000
FSM: Transitioned to STATE_MOVING 
ACC-STAT s=0x40 pin=0 n=96 sk=0
ACC-INT n=97 t=2063220 st=4 bz=0 pin=1
ACC-STAT s=0x40 pin=1 n=98 sk=0
ACC-INT n=98 t=2063613 st=4 bz=0 pin=1
BURST k=dep pre=20 n=80 signed_mmss=-1 -17 -1 1 86 -100 -65 -50 3 -7 48 53 60 30 20 97 93 198 239 224 295 264 161 149 57 104 -18 118 -62 64 0 -67 -5 -201 31 -132 2 7 -54 34 125 -38 48 21 -67 -130 -21 -63 -136 75 -112 2 52 1 22 118 -1 -86 -23 -114 -135 -191 -137 -153 -243 -295 -211 -190 -212 -150 -119 -47 -17 -42 -18 -30 -14 -30 -2511 455 
JOGV pos=1836 neg=4207 ratio=43 opk=455 verdict=RUN (armed)
FSM: Arrival (any-motion), edges 2 peak 2.511
ARM q=9 a=1 v=1 g=0 ro=5
FSM: Transitioned to STATE_DECELERATING 
ACC-STAT s=0x40 pin=0 n=98 sk=0
ACC-INT n=99 t=2064613 st=5 bz=1 pin=1
ACC-STAT s=0x40 pin=0 n=99 sk=0
BURST k=arr pre=20 n=80 signed_mmss=-137 -153 -243 -295 -211 -190 -212 -150 -119 -47 -17 -42 -18 -30 -14 -30 -2511 455 512 412 -448 -383 128 -186 46 142 -26 -118 -69 113 13 -111 -49 137 -14 -117 2 87 -41 -91 12 43 -27 -42 -5 -5 -24 -50 -13 18 -18 -15 -5 -26 9 -17 -28 -20 -1 -8 -15 -19 -11 -4 -17 -22 3 -7 -2 -10 -7 9 -27 -2 12 -16 -7 -18 3 -7 
ACC-STAT s=0xFD3A pin=0 n=99 sk=0
FSM: Transitioned to STATE_STOPPED 
FSM: Transitioned to STATE_MONITORING 
ACC-STAT read FAILED
ACC-STAT s=0xFD45 pin=0 n=99 sk=1
ACC-STAT s=0xFD4A pin=0 n=99 sk=1
ACC-STAT s=0xFD30 pin=0 n=99 sk=0
ACC-STAT s=0xFD2A pin=0 n=99 sk=0
ACC-STAT s=0xFD38 pin=0 n=99 sk=0
ACC-STAT read FAILED
ACC-STAT s=0xFD47 pin=0 n=99 sk=1
ACC-STAT read FAILED
ACC-STAT s=0xFD2B pin=0 n=99 sk=0
ACC-STAT s=0xFD39 pin=0 n=99 sk=0
ACC-STAT s=0xFD3C pin=0 n=99 sk=0
ACC-STAT s=0xFD3A pin=0 n=99 sk=0
ACC-STAT s=0xFD20 pin=0 n=99 sk=0
ACC-STAT s=0xFD45 pin=0 n=99 sk=1
ACC-STAT s=0xFD29 pin=0 n=99 sk=0
ACC-STAT s=0xFD18 pin=0 n=99 sk=0
ACC-STAT s=0xFD40 pin=0 n=99 sk=1
ACC-STAT s=0xFD2D pin=0 n=99 sk=0
ACC-STAT s=0xFD32 pin=0 n=99 sk=0
ACC-STAT s=0xFD29 pin=0 n=99 sk=0
ACC-STAT read FAILED
ACC-STAT s=0xFD36 pin=0 n=99 sk=0
ACC-INT n=100 t=2568552 st=2 bz=0 pin=1
FSM: Departure latched (any-motion) 
FSM: Transitioned to STATE_MOVEMENT_DETECTED 
ACC-STAT s=0x40 pin=0 n=100 sk=0
FSM: departure velocity w=0.000
FSM: Transitioned to STATE_MOVING 
ACC-INT n=101 t=2569404 st=4 bz=0 pin=1
ACC-STAT s=0xFD8C pin=1 n=102 sk=0
ACC-INT n=102 t=2569814 st=4 bz=0 pin=1
ACC-STAT s=0x40 pin=0 n=102 sk=0
BURST k=dep pre=20 n=80 signed_mmss=59 -144 -48 52 -71 37 69 -32 43 76 -119 99 -81 45 -208 12 -95 -135 -61 -127 -166 -214 -199 -193 -221 -29 -26 1 -14 -27 16 -1314 -104 1368 1195 -1503 -569 949 307 -976 -598 560 492 -528 -199 354 346 -288 -223 139 324 -166 -280 -3 189 -73 -253 -69 131 -20 128 -50 -108 -1 58 -28 -94 4 42 7 -56 -19 64 -3 -48 4 25 -17 -42 1 
JOGV pos=6084 neg=8098 ratio=75 opk=1368 verdict=JOG (armed)
FSM: Release (jog verdict) 
ARM q=6 a=1 v=1 g=0 ro=3
FSM: Transitioned to STATE_DECELERATING 
BURST k=arr pre=20 n=80 signed_mmss=-108 -1 58 -28 -94 4 42 7 -56 -19 64 -3 -48 4 25 -17 -42 1 14 10 -36 3 18 -8 -35 4 2 -37 -5 -18 -11 -5 -8 -15 -5 2 -2 -7 -12 12 -15 -17 4 -7 -13 -7 -8 -4 -11 -9 -5 -5 -19 -13 -5 1 -10 -4 8 6 -17 -5 -5 -4 -7 -7 -5 -9 -17 -10 10 -7 -12 -15 -5 -19 -1 -5 -12 -2 
FSM: Transitioned to STATE_STOPPED 
FSM: Transitioned to STATE_MONITORING 
ACC-STAT s=0xFD31 pin=0 n=102 sk=0
ACC-STAT s=0xFD22 pin=0 n=102 sk=0
ACC-STAT s=0xFD30 pin=0 n=102 sk=0
ACC-STAT s=0xFD04 pin=0 n=102 sk=0
ACC-INT n=103 t=2653552 st=2 bz=0 pin=1
FSM: Departure latched (any-motion) 
FSM: Transitioned to STATE_MOVEMENT_DETECTED 
FSM: departure velocity w=0.000
FSM: Transitioned to STATE_MOVING 
ACC-STAT s=0x40 pin=0 n=103 sk=0
ACC-INT n=104 t=2654109 st=4 bz=1 pin=1
ACC-STAT s=0x40 pin=0 n=104 sk=0
BURST k=dep pre=20 n=80 signed_mmss=78 -38 -99 -66 -25 27 39 52 51 42 17 92 108 231 279 243 231 273 213 110 76 -2299 -2198 833 1449 -323 -1329 166 -354 -261 344 209 -133 -256 207 179 -292 -229 98 154 -194 -139 51 126 -51 -81 75 136 -32 -107 82 99 -18 1 -42 -55 4 32 -6 -33 16 16 -17 -21 7 -16 -17 -8 -6 -17 -5 -12 -5 0 -13 -20 19 0 -35 -17 
JOGV pos=5011 neg=7735 ratio=64 opk=1449 verdict=JOG (armed)
FSM: Release (jog verdict) 
ARM q=49 a=1 v=1 g=0 ro=2
FSM: Transitioned to STATE_DECELERATING 
BURST k=arr pre=20 n=80 signed_mmss=-17 -21 7 -16 -17 -8 -6 -17 -5 -12 -5 0 -13 -20 19 0 -35 -17 -10 -1 -10 0 -11 4 1 -17 -23 -11 -8 -1 -4 -20 0 -3 -6 -25 -7 -8 -27 -8 -11 -10 3 3 -6 0 -11 -14 -5 -18 -21 -2 -7 -8 -16 -11 -20 -9 -11 -13 -14 -4 -4 -2 0 -15 -13 4 -23 -17 -3 0 -19 -8 -14 0 -17 -14 9 -8 
FSM: Transitioned to STATE_STOPPED 
FSM: Transitioned to STATE_MONITORING 
ACC-INT n=105 t=2675539 st=2 bz=0 pin=1
FSM: Departure latched (any-motion) 
FSM: Transitioned to STATE_MOVEMENT_DETECTED 
FSM: departure velocity w=0.000
FSM: Transitioned to STATE_MOVING 
ACC-STAT s=0x40 pin=1 n=106 sk=0
ACC-INT n=106 t=2675982 st=4 bz=1 pin=1
ACC-STAT s=0x40 pin=0 n=106 sk=0
BURST k=dep pre=20 n=80 signed_mmss=-10 -12 -23 -2 -9 -53 157 -134 -85 -56 21 -24 -18 -11 -21 -96 -149 -230 -210 -226 -201 -1927 1152 2423 144 -2137 600 -432 -523 270 525 -208 -468 76 314 -26 -286 89 282 33 -189 4 202 78 -147 -41 166 51 -177 -62 123 36 -163 -76 55 -10 -45 -67 -32 61 -18 -69 -18 -1 4 -27 18 -10 -16 -53 -8 -12 -2 -51 -18 30 -36 -36 -10 7 
JOGV pos=6091 neg=7377 ratio=82 opk=2423 verdict=JOG (armed)
FSM: Release (jog verdict) 
ARM q=36 a=1 v=1 g=1 ro=8
FSM: Transitioned to STATE_DECELERATING 
BURST k=arr pre=20 n=80 signed_mmss=-18 -1 4 -27 18 -10 -16 -53 -8 -12 -2 -51 -18 30 -36 -36 -10 7 -36 12 -12 -29 -15 -5 -8 -18 1 -33 -26 -11 -13 -11 6 3 -17 -13 7 -1 -15 -23 -27 18 0 6 -26 -4 -13 -1 -29 -6 -16 -17 -17 -7 -21 -10 -2 -13 -17 -3 -11 -10 -19 -32 -2 -15 -8 -11 -17 -18 -14 -10 -14 -17 -26 -26 -8 -15 -14 -21 
FSM: Transitioned to STATE_STOPPED 
FSM: Transitioned to STATE_MONITORING 
ACC-STAT s=0xFD2E pin=0 n=106 sk=0
ACC-STAT s=0xFD2E pin=0 n=106 sk=0
ACC-STAT s=0xFD3C pin=0 n=106 sk=0
ACC-STAT s=0xFD35 pin=0 n=106 sk=0
ACC-STAT s=0xFD00 pin=0 n=106 sk=0
ACC-STAT s=0xFD40 pin=0 n=106 sk=1
ACC-STAT s=0xFD33 pin=0 n=106 sk=0
ACC-STAT s=0xFD28 pin=0 n=106 sk=0
ACC-STAT s=0xFD3E pin=0 n=106 sk=0
ACC-STAT s=0xFD43 pin=0 n=106 sk=1
ACC-STAT s=0xFD2F pin=0 n=106 sk=0
ACC-STAT s=0xFD23 pin=0 n=106 sk=0
ACC-STAT s=0xFD3C pin=0 n=106 sk=0
ACC-STAT s=0xFD4A pin=0 n=106 sk=1
ACC-STAT s=0xFD2D pin=0 n=106 sk=0
ACC-INT n=107 t=3035627 st=2 bz=0 pin=1
FSM: Departure latched (any-motion) 
FSM: Transitioned to STATE_MOVEMENT_DETECTED 
ACC-STAT s=0xFD67 pin=0 n=107 sk=0
FSM: departure velocity w=0.000
FSM: Transitioned to STATE_MOVING 
ACC-INT n=108 t=3036200 st=4 bz=1 pin=1
ACC-STAT s=0x40 pin=0 n=108 sk=0
ACC-INT n=109 t=3037036 st=4 bz=0 pin=1
ACC-STAT s=0x40 pin=0 n=109 sk=0
BURST k=dep pre=20 n=80 signed_mmss=19 76 -129 -104 -53 -8 -29 59 49 46 59 40 51 128 198 251 349 341 396 375 423 318 477 391 403 529 507 603 583 634 592 402 384 358 393 313 390 312 312 257 298 188 124 175 154 101 31 64 52 -76 23 -6 49 19 24 63 40 13 45 -30 -20 -69 57 11 63 57 48 34 20 17 -15 -21 -69 -33 -17 -48 -18 -40 -10 -18 
JOGV pos=11306 neg=0 ratio=0 opk=129 verdict=RUN (armed)
ACC-INT n=110 t=3056107 st=4 bz=0 pin=1
FSM: Arrival (polled), peak 0.522
ARM q=128 a=1 v=1 g=1 ro=11
FSM: Transitioned to STATE_DECELERATING 
ACC-STAT s=0x40 pin=0 n=110 sk=0
ACC-INT n=111 t=3057172 st=5 bz=0 pin=1
ACC-STAT s=0x40 pin=0 n=111 sk=0
ACC-INT n=112 t=3057680 st=5 bz=0 pin=1
ACC-STAT s=0x40 pin=1 n=113 sk=0
ACC-INT n=113 t=3058712 st=5 bz=0 pin=1
BURST k=arr pre=20 n=80 signed_mmss=-46 -117 -123 -56 -165 -145 -172 -196 -284 -258 -299 -306 -346 -430 -394 -453 -502 -521 -598 -545 -541 -576 -586 -569 -603 -583 -527 -1099 -897 -2537 -763 1446 1934 726 -1276 -1404 230 1231 898 -438 -1217 -605 529 1027 232 -598 -761 39 687 603 -144 -630 -359 419 -236 -369 -118 246 265 -29 -260 -184 82 221 86 -171 -237 28 186 81 -110 -196 -60 108 121 -26 -162 -98 68 110 
ACC-STAT s=0x40 pin=0 n=113 sk=0
FSM: Transitioned to STATE_STOPPED 
FSM: Transitioned to STATE_MONITORING 
ACC-STAT s=0xFF22 pin=0 n=113 sk=0
ACC-STAT s=0xFD35 pin=0 n=113 sk=0
ACC-STAT s=0xFD30 pin=0 n=113 sk=0
ACC-INT n=114 t=3156525 st=2 bz=0 pin=1
FSM: Departure latched (any-motion) 
FSM: Transitioned to STATE_MOVEMENT_DETECTED 
ACC-STAT s=0x40 pin=0 n=114 sk=0
ACC-INT n=115 t=3156721 st=3 bz=0 pin=1
FSM: departure velocity w=0.000
FSM: Transitioned to STATE_MOVING 
ACC-STAT s=0x40 pin=0 n=115 sk=0
ACC-INT n=116 t=3157786 st=4 bz=0 pin=1
ACC-STAT s=0x40 pin=0 n=116 sk=0
BURST k=dep pre=20 n=80 signed_mmss=-21 55 29 -38 -72 -27 30 46 -68 -80 -26 86 46 -53 -96 -22 63 136 90 -129 -215 -36 157 88 -87 -198 219 213 -74 -208 -126 127 243 64 -165 -146 17 133 55 -101 -176 -60 81 92 -8 -137 -77 121 82 -40 -133 -66 39 89 21 -86 -80 66 4 -28 -36 -2 -17 -45 -42 -32 -8 12 -18 -62 -90 30 91 49 -18 4 -25 -86 -81 -7 
JOGV pos=832 neg=962 ratio=86 opk=243 verdict=RUN (armed)
ACC-INT n=117 t=3180576 st=4 bz=0 pin=1
FSM: Arrival (polled), peak 1.207
ARM q=5 a=1 v=1 g=1 ro=13
ACC-STAT s=0x40 pin=0 n=117 sk=0
FSM: Transitioned to STATE_DECELERATING 
ACC-INT n=118 t=3181395 st=5 bz=0 pin=1
ACC-STAT s=0x40 pin=0 n=118 sk=0
ACC-INT n=119 t=3182411 st=5 bz=0 pin=1
ACC-STAT s=0x40 pin=0 n=119 sk=0
BURST k=arr pre=20 n=80 signed_mmss=-53 43 116 185 214 240 336 364 383 341 361 366 366 389 -1206 -1332 -2917 -821 1616 2355 523 -1693 -2056 -214 1519 1242 -341 -1230 -1063 414 592 -215 -760 -406 277 558 157 -407 -483 -7 378 282 -120 -400 -213 192 334 64 -259 -217 88 236 86 -192 -235 -44 174 136 -79 -214 -95 112 36 -65 -111 -36 51 37 -16 -101 -39 28 28 -19 -46 -46 11 33 -14 -46 
FSM: Transitioned to STATE_STOPPED 
FSM: Transitioned to STATE_MONITORING 
ACC-STAT s=0xFD1B pin=0 n=119 sk=0
ACC-STAT s=0xFD45 pin=0 n=119 sk=1
ACC-INT n=120 t=3266199 st=2 bz=0 pin=1
FSM: Departure latched (any-motion) 
FSM: Transitioned to STATE_MOVEMENT_DETECTED 
FSM: departure velocity w=0.000
FSM: Transitioned to STATE_MOVING 
ACC-STAT s=0x40 pin=0 n=120 sk=0
ACC-INT n=121 t=3266969 st=4 bz=0 pin=1
ACC-STAT s=0x40 pin=1 n=122 sk=0
ACC-INT n=122 t=3267919 st=4 bz=0 pin=1
ACC-STAT s=0x40 pin=0 n=122 sk=0
ACC-INT n=123 t=3268919 st=4 bz=0 pin=1
BURST k=dep pre=20 n=80 signed_mmss=-11 -5 -6 -7 3 -18 -15 -7 7 -6 -8 -22 5 33 125 -53 -193 -142 -71 95 188 60 -53 -50 43 192 160 121 82 -1 0 -11 6 47 71 78 37 88 6 19 -4 -141 -5 -149 -57 -52 -69 60 -4 -1 -59 -101 -96 -181 -229 -246 -285 -277 -51 -50 -49 -39 -45 -1391 -348 696 1049 209 -969 -863 -38 733 598 -326 -750 -454 321 470 208 -404 
JOGV pos=4824 neg=6916 ratio=69 opk=1049 verdict=JOG (armed)
FSM: Release (jog verdict) 
ARM q=26 a=1 v=1 g=1 ro=16
FSM: Transitioned to STATE_DECELERATING 
ACC-STAT s=0x40 pin=0 n=123 sk=0
ACC-INT n=124 t=3270180 st=5 bz=0 pin=1
ACC-STAT s=0x40 pin=0 n=124 sk=0
BURST k=arr pre=20 n=80 signed_mmss=-45 -1391 -348 696 1049 209 -969 -863 -38 733 598 -326 -750 -454 321 470 208 -404 216 -51 -231 -193 63 175 80 -129 -184 -14 81 -13 -114 -78 -1 63 38 -50 -66 -22 25 46 -29 -57 -18 16 18 -2 -33 -23 6 20 15 -14 -35 -12 14 1 -17 -24 -20 16 -11 -23 -30 4 -10 -2 -10 -23 -17 -24 1 -17 -10 -14 -9 -6 -31 -15 -5 -8 
FSM: Transitioned to STATE_STOPPED 
FSM: Transitioned to STATE_MONITORING 
FSM: any-motion ignored, re-arm blanking 
ACC-INT n=125 t=3277635 st=2 bz=0 pin=1
ACC-STAT s=0x40 pin=0 n=125 sk=1
FSM: any-motion ignored, re-arm blanking 
ACC-INT n=126 t=3278241 st=2 bz=0 pin=1
ACC-STAT s=0x40 pin=0 n=126 sk=2
FSM: any-motion ignored, re-arm blanking 
ACC-INT n=127 t=3280142 st=2 bz=0 pin=1
ACC-STAT s=0x40 pin=1 n=128 sk=3
FSM: any-motion ignored, re-arm blanking 
ACC-INT n=128 t=3280355 st=2 bz=0 pin=1
ACC-STAT s=0x40 pin=1 n=129 sk=4
ACC-INT n=129 t=3281371 st=2 bz=0 pin=1
FSM: Departure latched (any-motion) 
FSM: Transitioned to STATE_MOVEMENT_DETECTED 
FSM: departure velocity w=0.000
FSM: Transitioned to STATE_MOVING 
ACC-STAT s=0x40 pin=0 n=129 sk=0
BURST k=dep pre=20 n=80 signed_mmss=-808 -368 292 471 50 -528 -521 -59 409 291 -83 -384 -204 185 334 24 -285 -235 63 201 110 -153 -256 -102 152 72 -81 -131 1 89 51 -45 -98 -80 60 80 16 -76 -57 25 39 25 -51 -84 -37 10 35 -26 -45 -44 1 22 10 -56 -57 -2 -6 -47 -47 -17 7 -14 -14 -30 -14 -5 -18 -26 -26 -18 11 -18 -22 -15 -17 7 -24 -28 -7 -7 
JOGV pos=2335 neg=3742 ratio=62 opk=471 verdict=RUN (armed)
ACC-INT n=130 t=3322429 st=4 bz=0 pin=1
ACC-STAT s=0x40 pin=0 n=130 sk=0
ACC-INT n=131 t=3323183 st=4 bz=0 pin=1
FSM: Arrival (any-motion), edges 2 peak 1.866
ARM q=255 a=1 v=1 g=1 ro=9
FSM: Transitioned to STATE_DECELERATING 
ACC-STAT s=0x40 pin=1 n=132 sk=0
ACC-INT n=132 t=3323920 st=5 bz=0 pin=1
ACC-STAT s=0x40 pin=0 n=132 sk=0
ACC-INT n=133 t=3325034 st=5 bz=0 pin=1
ACC-STAT s=0x40 pin=0 n=133 sk=0
BURST k=arr pre=20 n=80 signed_mmss=-6 53 57 -165 -153 -78 77 183 222 269 277 244 130 83 36 -14 -1352 -1866 -1824 536 1263 503 -739 -1246 -163 756 1134 130 -630 -699 198 616 190 -474 -686 -182 130 -221 -283 -27 249 199 -126 -278 -153 153 168 -19 -198 -166 50 145 63 -100 -135 -59 82 101 -21 -108 -68 25 55 -20 -93 29 21 -36 -64 -46 1 28 -3 -65 -58 -14 10 -5 -41 -34 
FSM: Transitioned to STATE_STOPPED 
FSM: Transitioned to STATE_MONITORING 
ACC-STAT read FAILED
ACC-STAT s=0xFD1F pin=0 n=133 sk=0
ACC-INT n=134 t=3369664 st=2 bz=0 pin=1
FSM: Departure latched (any-motion) 
FSM: Transitioned to STATE_MOVEMENT_DETECTED 
FSM: departure velocity w=0.000
FSM: Transitioned to STATE_MOVING 
ACC-STAT s=0x40 pin=0 n=134 sk=0
BURST k=dep pre=20 n=80 signed_mmss=-19 -14 -9 -15 -29 6 -5 -9 -17 0 12 1 30 80 -119 -199 -64 106 216 63 -68 -61 18 124 175 201 276 0 -14 -42 -7 16 70 79 102 89 13 49 -114 -102 -99 -135 -14 -107 8 60 24 95 67 -48 65 -76 0 -177 -26 -78 -37 66 -108 42 -178 -23 -29 -99 69 -29 116 -35 70 64 -136 59 -116 -64 46 -145 60 -18 -66 135 
JOGV pos=868 neg=554 ratio=63 opk=199 verdict=RUN (armed)
FSM: Arrival (polled), peak 2.058
ARM q=26 a=1 v=1 g=0 ro=3
ACC-INT n=135 t=3377840 st=5 bz=1 pin=1
FSM: Transitioned to STATE_DECELERATING 
ACC-STAT s=0x40 pin=0 n=135 sk=0
ACC-INT n=136 t=3377905 st=5 bz=1 pin=1
ACC-STAT s=0x40 pin=1 n=137 sk=0
ACC-INT n=137 t=3378905 st=5 bz=0 pin=1
ACC-STAT s=0x40 pin=0 n=138 sk=0
ACC-INT n=138 t=3379953 st=5 bz=0 pin=1
ACC-STAT s=0x40 pin=0 n=138 sk=0
BURST k=arr pre=20 n=80 signed_mmss=18 60 -117 45 8 -101 95 -71 -29 -136 0 1 -95 64 -56 -46 46 -1004 -2058 274 1305 526 -500 -948 -165 597 828 92 -611 -607 0 512 331 -162 -541 -320 149 389 122 -290 -278 50 300 212 -129 -229 -32 156 131 -31 -187 -94 70 127 30 -166 -153 -15 100 68 -59 -143 -80 34 95 4 -74 -87 -15 46 52 -31 -77 -46 -2 46 -23 -41 5 16 
FSM: Transitioned to STATE_STOPPED 
FSM: Transitioned to STATE_MONITORING 
ACC-STAT s=0xFD40 pin=0 n=138 sk=1
ACC-INT n=139 t=3402186 st=2 bz=0 pin=1
FSM: Departure latched (any-motion) 
FSM: Transitioned to STATE_MOVEMENT_DETECTED 
FSM: departure velocity w=0.000
FSM: Transitioned to STATE_MOVING 
ACC-STAT s=0x40 pin=0 n=139 sk=0
ACC-INT n=140 t=3402956 st=4 bz=0 pin=1
ACC-STAT s=0x40 pin=0 n=140 sk=0
BURST k=dep pre=20 n=80 signed_mmss=-13 -24 -20 -4 -4 -19 -23 -12 -15 1 -22 -33 10 -3 81 56 -184 -158 -84 91 227 70 -60 -45 301 196 153 89 -1 -42 -87 -77 -5 62 115 93 82 91 106 -83 38 -157 -94 -112 -5 -97 37 66 -7 103 87 -64 54 -37 -138 -25 -183 125 29 42 -147 30 -120 -74 18 -142 60 7 -45 131 -8 -36 86 -95 -4 -28 -164 -114 -36 85 
JOGV pos=877 neg=846 ratio=96 opk=184 verdict=RUN (armed)
FSM: Arrival (polled), peak 1.964
ARM q=14 a=1 v=1 g=0 ro=6
ACC-INT n=141 t=3409149 st=5 bz=0 pin=1
FSM: Transitioned to STATE_DECELERATING 
ACC-STAT s=0x40 pin=0 n=141 sk=0
ACC-INT n=142 t=3410165 st=5 bz=0 pin=1
ACC-STAT s=0x40 pin=0 n=142 sk=0
BURST k=arr pre=20 n=80 signed_mmss=-108 85 -24 -67 85 -96 24 17 -128 91 -83 -48 62 -142 37 -887 -1963 -1083 -203 1224 1164 -100 -1235 -1372 -21 937 865 -268 -924 -358 415 858 307 -405 -675 -122 438 452 -14 -497 -437 -7 324 -221 -196 12 162 74 -112 -187 -131 34 101 33 -123 -126 -30 60 87 -22 -95 -64 -4 74 28 -94 -114 -10 22 25 -30 -65 -57 21 13 -10 -50 -47 -19 3 
FSM: Transitioned to STATE_STOPPED 
FSM: Transitioned to STATE_MONITORING 
ACC-INT n=143 t=3422863 st=2 bz=0 pin=1
FSM: Departure latched (any-motion) 
FSM: Transitioned to STATE_MOVEMENT_DETECTED 
FSM: departure velocity w=0.000
FSM: Transitioned to STATE_MOVING 
ACC-STAT s=0x40 pin=0 n=143 sk=0
ACC-INT n=144 t=3423977 st=4 bz=0 pin=1
ACC-STAT s=0x40 pin=0 n=144 sk=0
BURST k=dep pre=20 n=80 signed_mmss=-14 -23 -30 -25 -14 -5 -4 -17 -20 5 40 2 -114 -99 -187 -69 123 151 52 -56 -11 73 154 186 256 -8 -101 -122 -47 3 66 109 77 54 119 51 -81 -11 -212 -63 -156 -33 -41 -60 112 49 12 127 -23 90 -163 -36 119 -19 -37 104 -108 -4 5 -159 -90 -52 65 -133 56 -10 -99 111 -69 -44 86 -142 40 0 -117 92 -118 -15 14 78 
JOGV pos=747 neg=877 ratio=85 opk=256 verdict=RUN (armed)
ACC-INT n=145 t=3426058 st=4 bz=0 pin=1
ACC-STAT s=0x40 pin=0 n=145 sk=0
FSM: Arrival (any-motion), edges 2 peak 1.550
ARM q=13 a=1 v=1 g=0 ro=3
ACC-INT n=146 t=3426222 st=5 bz=0 pin=1
FSM: Transitioned to STATE_DECELERATING 
ACC-STAT s=0x40 pin=1 n=147 sk=0
ACC-INT n=147 t=3427205 st=5 bz=0 pin=1
ACC-STAT s=0x40 pin=0 n=147 sk=0
BURST k=arr pre=20 n=80 signed_mmss=-133 56 -10 -99 111 -69 -44 86 -142 40 0 -117 92 -118 -15 14 78 783 -409 652 642 -142 -697 -589 151 558 421 -160 -414 -245 264 430 150 -232 -364 -83 195 226 -127 -290 -172 52 185 82 -114 -198 -27 90 78 -53 -141 -75 57 66 -29 -95 -78 -2 58 35 -48 -64 -39 9 28 -3 -68 -72 -35 28 3 -47 -72 -16 16 25 -16 -45 -23 -16 
FSM: Transitioned to STATE_STOPPED 
FSM: Transitioned to STATE_MONITORING 
ACC-INT n=148 t=3441213 st=2 bz=0 pin=1
FSM: Departure latched (any-motion) 
FSM: Transitioned to STATE_MOVEMENT_DETECTED 
FSM: departure velocity w=0.000
FSM: Transitioned to STATE_MOVING 
ACC-STAT s=0x40 pin=0 n=148 sk=0
ACC-INT n=149 t=3442180 st=4 bz=0 pin=1
ACC-STAT s=0x40 pin=0 n=149 sk=0
BURST k=dep pre=20 n=80 signed_mmss=-19 -9 -8 -23 -7 -2 -14 -18 -2 14 25 -101 -100 -172 -77 125 72 -57 -153 -209 -171 -238 -268 -239 -189 -129 -87 -85 -36 -72 8 -99 -50 142 -64 72 -10 -111 100 -112 -46 23 2 9 -114 96 -44 9 97 -98 99 -32 -70 75 -121 -16 37 -128 -142 72 -60 -74 84 -159 -33 30 -133 79 -10 -69 86 -123 28 26 103 -54 -124 61 -127 16 
JOGV pos=0 neg=1798 ratio=0 opk=142 verdict=RUN (armed)
ACC-INT n=150 t=3446374 st=4 bz=1 pin=1
FSM: Arrival (polled), peak 0.478
ARM q=36 a=1 v=1 g=0 ro=3
FSM: Transitioned to STATE_DECELERATING 
ACC-STAT s=0x40 pin=0 n=150 sk=0
ACC-INT n=151 t=3446964 st=5 bz=0 pin=1
ACC-STAT s=0x40 pin=0 n=151 sk=0
ACC-INT n=152 t=3448029 st=5 bz=0 pin=1
ACC-STAT s=0x40 pin=0 n=152 sk=0
BURST k=arr pre=20 n=80 signed_mmss=8 -170 67 -60 -51 113 -148 60 23 -83 101 -104 -42 18 -478 -2239 -1514 760 1873 865 -885 -1706 -675 831 1253 267 -775 -1074 131 880 630 -221 -771 -458 260 587 193 -374 -526 -178 313 373 -13 -379 -319 164 160 -47 -202 -187 31 138 69 -95 -150 -63 89 103 -5 -103 -90 15 82 11 -71 -98 -44 34 26 -18 -45 -47 -32 28 16 -33 -57 10 1 -42 
FSM: Transitioned to STATE_STOPPED 
FSM: Transitioned to STATE_MONITORING 
ACC-STAT s=0xFD40 pin=0 n=152 sk=1
FSM: any-motion ignored, re-arm blanking 
ACC-INT n=153 t=3457384 st=2 bz=0 pin=1
ACC-STAT s=0x40 pin=1 n=154 sk=1
FSM: any-motion ignored, re-arm blanking 
ACC-INT n=154 t=3458351 st=2 bz=0 pin=1
ACC-STAT s=0x40 pin=0 n=154 sk=2
ACC-INT n=155 t=3478093 st=2 bz=0 pin=1
FSM: Departure latched (any-motion) 
FSM: Transitioned to STATE_MOVEMENT_DETECTED 
FSM: departure velocity w=0.000
FSM: Transitioned to STATE_MOVING 
ACC-STAT s=0x40 pin=0 n=155 sk=0
ACC-INT n=156 t=3479076 st=4 bz=0 pin=1
ACC-STAT s=0x40 pin=0 n=156 sk=0
ACC-INT n=157 t=3480092 st=4 bz=1 pin=1
ACC-STAT s=0x40 pin=0 n=157 sk=0
BURST k=dep pre=20 n=80 signed_mmss=-82 91 -31 87 -93 40 6 -34 130 42 78 115 91 210 223 194 227 162 159 158 116 42 22 -19 21 48 46 153 -917 -798 -18 664 524 -317 -626 -166 480 519 0 -424 -347 116 377 201 -238 -387 -130 197 255 -40 -271 -204 65 221 37 -183 -186 26 134 -14 -142 -97 30 97 36 -72 -75 4 91 36 -66 -92 -21 37 36 -33 -48 -29 23 30 
JOGV pos=4924 neg=5064 ratio=97 opk=664 verdict=RUN (armed)
ACC-STAT s=0xFD47 pin=0 n=157 sk=0
ACC-INT n=158 t=3564912 st=4 bz=0 pin=1
FSM: Arrival (polled), peak 2.110
ARM q=255 a=1 v=1 g=0 ro=3
FSM: Transitioned to STATE_DECELERATING 
ACC-STAT s=0x40 pin=0 n=159 sk=0
ACC-INT n=159 t=3565633 st=5 bz=0 pin=1
ACC-STAT s=0x40 pin=1 n=160 sk=0
ACC-INT n=160 t=3566649 st=5 bz=0 pin=1
ACC-STAT s=0x40 pin=0 n=160 sk=0
BURST k=arr pre=20 n=80 signed_mmss=-20 -15 -33 28 121 -4 -171 -232 -173 -175 -243 -271 -251 -183 -169 -1147 850 2109 1392 -407 -1436 -652 858 1416 372 -1178 -1019 152 940 531 -509 -502 67 474 266 -229 -501 -162 301 246 -108 -340 -208 161 287 37 -240 -227 21 195 94 -151 -225 -70 118 113 -57 -185 -51 88 88 -104 -106 -8 45 22 -39 -75 -39 36 1 -41 -65 -29 10 -15 -47 -57 -16 -2 
FSM: Transitioned to STATE_STOPPED 
FSM: Transitioned to STATE_MONITORING 
ACC-STAT s=0xFD52 pin=0 n=160 sk=1
ACC-STAT s=0xFD2F pin=0 n=160 sk=0
ACC-STAT s=0xFD33 pin=0 n=160 sk=0
ACC-STAT s=0xFD1F pin=0 n=160 sk=0
ACC-STAT s=0xFD45 pin=0 n=160 sk=1
ACC-STAT s=0xFD43 pin=0 n=160 sk=1
ACC-INT n=161 t=3729489 st=2 bz=0 pin=1
FSM: Departure latched (any-motion) 
FSM: Transitioned to STATE_MOVEMENT_DETECTED 
FSM: departure velocity w=0.000
FSM: Transitioned to STATE_MOVING 
ACC-STAT s=0x40 pin=0 n=161 sk=0
ACC-INT n=162 t=3729817 st=4 bz=1 pin=1
ACC-STAT s=0x40 pin=0 n=162 sk=0
ACC-INT n=163 t=3731095 st=4 bz=0 pin=1
ACC-STAT s=0x40 pin=0 n=163 sk=0
BURST k=dep pre=20 n=80 signed_mmss=-17 4 -4 0 -14 -10 6 0 1 -20 -19 0 37 63 7 -38 -133 -120 4 88 86 -58 -202 -195 -145 -357 -401 -375 -503 -424 -548 -612 -556 -572 -490 -457 -394 -332 -335 -279 -289 -240 -254 -221 -214 -193 -156 -88 -52 -58 -69 -39 12 8 -35 -41 -27 4 -7 -6 30 -14 9 -29 -7 11 -6 18 12 -12 -7 -31 -38 -39 -10 11 -22 -71 -18 -9 
JOGV pos=0 neg=8599 ratio=0 opk=88 verdict=RUN (armed)
ACC-STAT s=0xFD2F pin=0 n=163 sk=0
ACC-INT n=164 t=3762929 st=4 bz=0 pin=1
FSM: Arrival (polled), peak 0.499
ARM q=152 a=1 v=1 g=1 ro=15
FSM: Transitioned to STATE_DECELERATING 
ACC-STAT s=0x40 pin=0 n=164 sk=0
ACC-INT n=165 t=3763896 st=5 bz=0 pin=1
ACC-STAT s=0x40 pin=0 n=165 sk=0
ACC-INT n=166 t=3764240 st=5 bz=0 pin=1
ACC-STAT s=0x40 pin=0 n=166 sk=0
BURST k=arr pre=20 n=80 signed_mmss=85 -18 -15 -47 60 7 18 96 165 148 121 149 334 234 228 320 315 314 498 361 366 386 258 230 229 200 153 164 92 146 70 106 26 45 45 2807 627 -1783 -930 1133 527 -884 -581 652 479 133 155 -141 -126 133 73 -42 -79 -46 67 -63 -90 -60 79 -42 -105 -33 43 -44 -79 46 10 -39 -20 -8 18 -18 -62 -29 -14 -32 -28 -13 -8 -24 
FSM: Transitioned to STATE_STOPPED 
FSM: Transitioned to STATE_MONITORING 
ACC-STAT s=0xFD33 pin=0 n=166 sk=0
ACC-STAT s=0xFD1C pin=0 n=166 sk=0
ACC-STAT s=0xFD3B pin=0 n=166 sk=0
ACC-STAT s=0xFD35 pin=0 n=166 sk=0
ACC-STAT s=0xFD26 pin=0 n=166 sk=0
ACC-STAT s=0xFD23 pin=0 n=166 sk=0
ACC-STAT s=0xFD3E pin=0 n=166 sk=0
ACC-INT n=167 t=4057645 st=2 bz=0 pin=1
FSM: Departure latched (any-motion) 
FSM: Transitioned to STATE_MOVEMENT_DETECTED 
FSM: departure velocity w=0.000
FSM: Transitioned to STATE_MOVING 
ACC-STAT s=0x40 pin=0 n=167 sk=0
ACC-INT n=168 t=4058218 st=4 bz=1 pin=1
ACC-STAT s=0x40 pin=0 n=168 sk=0
BURST k=dep pre=20 n=80 signed_mmss=-13 -27 -1 -16 -95 -14 -14 -38 -2 -62 -44 -57 -75 -117 -149 -194 -207 -247 -259 -264 -242 -174 -151 -91 -57 -35 -60 -24 -74 89 -78 7 38 110 -83 34 8 -109 -14 24 -150 82 -50 -20 76 -68 112 -23 -20 -96 -31 48 -108 -59 81 -54 -63 49 -97 -56 64 2 31 -74 140 -90 78 39 -101 45 -26 -102 56 -47 -81 91 -102 106 -45 146 
JOGV pos=0 neg=1738 ratio=0 opk=146 verdict=RUN (armed)
ACC-INT n=169 t=4064149 st=4 bz=1 pin=1
FSM: Arrival (polled), peak 2.040
ARM q=13 a=1 v=1 g=0 ro=3
ACC-STAT read FAILED
FSM: Transitioned to STATE_DECELERATING 
ACC-INT n=170 t=4064411 st=5 bz=0 pin=1
ACC-STAT s=0x40 pin=0 n=170 sk=0
BURST k=arr pre=20 n=80 signed_mmss=-7 -71 71 -64 -28 24 -93 -5 -71 75 -50 -5 59 -95 40 12 -96 -2040 -312 -1105 428 815 -268 -517 137 580 -248 -418 54 356 -123 -145 19 73 -43 -90 -8 -1 13 -41 -103 48 42 9 -56 -23 5 -50 -29 3 21 -18 -25 -20 4 -14 -39 0 -20 -44 -18 -4 -18 -13 -1 -15 -30 16 6 -14 -7 -40 -18 -2 -15 -19 -5 -5 -38 -27 
FSM: Transitioned to STATE_STOPPED 
FSM: Transitioned to STATE_MONITORING 
ACC-STAT s=0xFD31 pin=0 n=170 sk=0
ACC-STAT s=0xFD2B pin=0 n=170 sk=0
ACC-STAT s=0xFD4D pin=0 n=170 sk=1
ACC-STAT s=0xFD00 pin=0 n=170 sk=0
ACC-STAT read FAILED
ACC-STAT s=0xFD42 pin=0 n=170 sk=1
ACC-STAT s=0xFD2E pin=0 n=170 sk=0
ACC-INT n=171 t=4240949 st=2 bz=0 pin=1
FSM: Departure latched (any-motion) 
FSM: Transitioned to STATE_MOVEMENT_DETECTED 
FSM: departure velocity w=0.000
ACC-STAT s=0x40 pin=1 n=172 sk=0
FSM: Transitioned to STATE_MOVING 
ACC-INT n=172 t=4241424 st=4 bz=1 pin=1
ACC-STAT s=0x40 pin=0 n=172 sk=0
BURST k=dep pre=20 n=80 signed_mmss=31 -87 -16 -3 -8 -10 16 36 67 36 88 90 172 166 234 223 334 327 342 401 368 534 382 497 520 448 454 463 207 165 217 246 189 153 86 103 75 42 -54 -32 -47 -14 19 -25 -50 54 45 36 11 30 7 20 -38 -59 -17 -35 -39 -36 -131 7 -10 -13 4 2 22 63 21 -60 -18 19 -66 -18 66 -18 0 -17 -22 31 -44 -39 
JOGV pos=7042 neg=0 ratio=0 opk=131 verdict=RUN (armed)
ACC-INT n=173 t=4288462 st=4 bz=0 pin=1
FSM: Arrival (polled), peak 0.510
ARM q=255 a=1 v=1 g=1 ro=14
FSM: Transitioned to STATE_DECELERATING 
ACC-STAT s=0x40 pin=0 n=173 sk=0
ACC-INT n=174 t=4289232 st=5 bz=0 pin=1
ACC-STAT s=0x40 pin=0 n=174 sk=0
ACC-INT n=175 t=4290166 st=5 bz=0 pin=1
ACC-STAT s=0x40 pin=0 n=175 sk=0
ACC-INT n=176 t=4291166 st=5 bz=1 pin=1
BURST k=arr pre=20 n=80 signed_mmss=-49 8 -21 24 -8 -34 -99 -183 -260 -268 -259 -303 -309 -378 -395 -329 -413 -509 -463 -487 -556 -582 -566 -529 -493 -423 -373 -305 -169 -58 37 -2423 -2015 -742 731 1720 1002 -1109 -924 115 979 873 29 -805 -861 -187 589 695 148 -479 -703 -258 336 565 90 -385 -488 -165 287 445 139 -282 -412 -189 169 352 -168 -275 -114 107 206 93 -135 -210 -99 69 145 64 -89 -188 
ACC-STAT s=0x40 pin=0 n=176 sk=0
FSM: Transitioned to STATE_STOPPED 
FSM: Transitioned to STATE_MONITORING 
ACC-STAT s=0xFD32 pin=0 n=176 sk=0
ACC-STAT s=0xFD17 pin=0 n=176 sk=0
ACC-STAT s=0xFD31 pin=0 n=176 sk=0
ACC-INT n=177 t=4384063 st=2 bz=0 pin=1
FSM: Departure latched (any-motion) 
FSM: Transitioned to STATE_MOVEMENT_DETECTED 
FSM: departure velocity w=0.000
FSM: Transitioned to STATE_MOVING 
ACC-STAT s=0x40 pin=0 n=177 sk=0
ACC-INT n=178 t=4384751 st=4 bz=0 pin=1
ACC-STAT s=0x40 pin=0 n=178 sk=0
BURST k=dep pre=20 n=80 signed_mmss=-9 -17 -5 12 2 -15 -16 1 2 -7 -24 -15 -20 164 -38 -14 -186 -157 51 85 70 -65 -134 -220 -248 -271 -215 -424 -508 -492 -470 -541 -473 -456 -402 -335 -284 -253 -283 -250 -230 -167 -147 -195 -118 -100 -53 -34 -66 18 -34 4 45 -38 19 0 -101 57 -15 22 7 -98 23 -47 33 16 18 -61 61 -14 -39 21 -35 72 -17 -37 27 -47 51 -13 
JOGV pos=164 neg=7060 ratio=2 opk=164 verdict=RUN (armed)
ACC-INT n=179 t=4387897 st=4 bz=0 pin=1
FSM: Arrival (polled), peak 0.461
ARM q=48 a=1 v=1 g=1 ro=14
FSM: Transitioned to STATE_DECELERATING 
ACC-STAT s=0x40 pin=0 n=179 sk=0
ACC-INT n=180 t=4388782 st=5 bz=0 pin=1
ACC-STAT s=0x40 pin=0 n=180 sk=0
ACC-INT n=181 t=4389732 st=5 bz=0 pin=1
ACC-STAT s=0x40 pin=1 n=182 sk=0
ACC-INT n=182 t=4390715 st=5 bz=1 pin=1
BURST k=arr pre=20 n=80 signed_mmss=-37 27 -47 51 -13 35 88 235 152 259 195 322 248 374 446 441 415 461 459 444 448 442 396 280 228 286 198 202 154 129 97 89 47 57 34 -5 21 -719 -301 285 565 122 -392 -491 -159 309 374 71 -310 -373 -121 182 302 54 -229 -295 -90 161 230 57 -214 -192 -30 148 164 13 -170 -181 98 79 -20 -119 -105 14 88 61 -33 -104 -86 27 
ACC-STAT s=0x40 pin=0 n=182 sk=0
FSM: Transitioned to STATE_STOPPED 
FSM: Transitioned to STATE_MONITORING 
ACC-INT n=183 t=4404625 st=2 bz=0 pin=1
FSM: Departure latched (any-motion) 
FSM: Transitioned to STATE_MOVEMENT_DETECTED 
FSM: departure velocity w=0.000
FSM: Transitioned to STATE_MOVING 
ACC-STAT s=0x40 pin=1 n=184 sk=0
ACC-INT n=184 t=4405411 st=4 bz=0 pin=1
ACC-STAT s=0x40 pin=0 n=184 sk=0
BURST k=dep pre=20 n=80 signed_mmss=-11 -17 -22 -7 13 51 -2 -53 -244 -159 61 111 36 -50 -177 -183 -281 -248 -299 -294 -237 -232 -313 -314 -305 -491 -509 -340 -285 -248 -216 -250 -163 -172 -177 -88 -149 -83 -21 -83 -82 -29 -96 27 -39 -22 49 -66 75 -33 -20 19 -63 28 -41 -39 -5 11 -36 -24 -38 28 -59 -27 7 -48 57 -75 -51 -3 34 -74 -1 -53 -44 48 -77 2 -21 -62 
JOGV pos=0 neg=6137 ratio=0 opk=111 verdict=RUN (armed)
ACC-INT n=185 t=4408410 st=4 bz=1 pin=1
ACC-STAT s=0x40 pin=0 n=185 sk=0
FSM: Arrival (polled), peak 0.506
ARM q=60 a=1 v=1 g=1 ro=15
FSM: Transitioned to STATE_DECELERATING 
ACC-INT n=186 t=4408934 st=5 bz=0 pin=1
ACC-STAT s=0x40 pin=0 n=187 sk=0
ACC-INT n=187 t=4409556 st=5 bz=0 pin=1
ACC-STAT s=0x40 pin=0 n=187 sk=0
ACC-INT n=188 t=4410703 st=5 bz=0 pin=1
ACC-STAT s=0x40 pin=0 n=188 sk=0
BURST k=arr pre=20 n=80 signed_mmss=-44 48 -77 2 -21 -62 36 107 40 134 139 332 393 408 433 466 506 400 415 355 -921 371 570 2024 2695 430 -2143 -2509 -397 1563 1764 345 -1299 -1681 -129 1291 1262 170 -954 -1025 -142 792 616 51 -542 -592 -120 476 413 -57 -424 -330 83 368 272 -65 -331 -260 45 250 143 -105 -281 -203 42 179 79 -118 -187 -67 98 145 40 -104 -111 -29 57 76 -48 -105 
FSM: Transitioned to STATE_STOPPED 
FSM: Transitioned to STATE_MONITORING 
FSM: any-motion ignored, re-arm blanking 
ACC-INT n=189 t=4420861 st=2 bz=0 pin=1
ACC-STAT s=0x40 pin=0 n=189 sk=1
ACC-INT n=190 t=4424613 st=2 bz=0 pin=1
FSM: Departure latched (any-motion) 
FSM: Transitioned to STATE_MOVEMENT_DETECTED 
FSM: departure velocity w=0.000
FSM: Transitioned to STATE_MOVING 
ACC-STAT s=0x40 pin=0 n=190 sk=0
ACC-INT n=191 t=4425007 st=4 bz=1 pin=1
ACC-STAT s=0x40 pin=1 n=192 sk=0
ACC-INT n=192 t=4426153 st=4 bz=0 pin=1
ACC-STAT s=0x40 pin=0 n=192 sk=0
BURST k=dep pre=20 n=80 signed_mmss=-88 71 -53 2 27 -89 10 -45 -45 51 -67 -23 78 54 43 175 68 -305 316 1676 3356 3924 2943 -124 -2595 -2706 -25 1687 1476 -157 -1445 -1416 135 1216 1061 -181 -1063 -867 198 898 652 -202 -839 -373 379 613 254 -387 -563 -171 315 435 98 -286 -367 -79 263 299 -91 -229 -133 97 169 73 -132 -178 -56 98 121 12 -109 -130 -21 84 48 -59 -103 -66 15 64 
JOGV pos=22305 neg=14330 ratio=64 opk=2706 verdict=JOG (armed)
FSM: Release (jog verdict) 
ARM q=25 a=1 v=1 g=0 ro=4
FSM: Transitioned to STATE_DECELERATING 
ACC-STAT read FAILED
BURST k=arr pre=20 n=80 signed_mmss=169 73 -132 -178 -56 98 121 12 -109 -130 -21 84 48 -59 -103 -66 15 64 -2 -36 -49 -41 12 12 -13 -15 -37 -7 20 -14 -22 -17 -7 1 6 -13 -40 -26 -1 0 2 -12 -19 -20 -6 -2 -21 -26 -30 -11 -19 0 -17 -18 -17 -18 -19 -2 -32 -30 -11 -13 -19 -35 -12 -15 -21 -31 -26 -18 -10 -5 -24 -29 -17 -11 -28 -13 -24 -24 
FSM: Transitioned to STATE_STOPPED 
FSM: Transitioned to STATE_MONITORING 
FSM: any-motion ignored, re-arm blanking 
ACC-INT n=193 t=4433412 st=2 bz=0 pin=1
ACC-STAT s=0x40 pin=1 n=194 sk=1
FSM: any-motion ignored, re-arm blanking 
ACC-INT n=194 t=4433641 st=2 bz=0 pin=1
ACC-STAT s=0x40 pin=0 n=194 sk=2
FSM: any-motion ignored, re-arm blanking 
ACC-INT n=195 t=4434739 st=2 bz=0 pin=1
ACC-STAT s=0x40 pin=0 n=195 sk=3
ACC-STAT s=0xFD13 pin=0 n=195 sk=0
ACC-INT n=196 t=4442128 st=2 bz=0 pin=1
FSM: Departure latched (any-motion) 
FSM: Transitioned to STATE_MOVEMENT_DETECTED 
FSM: departure velocity w=0.000
FSM: Transitioned to STATE_MOVING 
ACC-STAT s=0x40 pin=0 n=196 sk=0
BURST k=dep pre=20 n=80 signed_mmss=36 -145 -147 -17 92 50 -27 -146 -161 -186 -190 -275 -288 -267 -248 -249 -314 -344 -410 -365 -550 -545 -516 -531 -437 -192 -248 -141 -163 -131 -151 -80 -50 -71 7 -76 0 0 -32 30 -86 15 19 -88 41 -26 5 15 -77 -1 -62 -7 -45 15 8 -19 -57 28 -60 -18 31 -73 27 -58 -45 -13 10 -45 50 -68 -16 33 -74 49 -42 -45 -5 -68 34 -48 
JOGV pos=0 neg=6630 ratio=0 opk=92 verdict=RUN (armed)
ACC-INT n=197 t=4446683 st=4 bz=0 pin=1
ACC-STAT s=0x40 pin=0 n=197 sk=0
ACC-INT n=198 t=4447174 st=4 bz=0 pin=1
FSM: Arrival (any-motion), edges 2 peak 0.460
ARM q=88 a=1 v=1 g=1 ro=12
FSM: Transitioned to STATE_DECELERATING 
ACC-STAT s=0x40 pin=0 n=198 sk=0
ACC-INT n=199 t=4448256 st=5 bz=0 pin=1
ACC-STAT s=0x40 pin=0 n=199 sk=0
ACC-INT n=200 t=4449124 st=5 bz=0 pin=1
ACC-STAT s=0x40 pin=0 n=200 sk=0
BURST k=arr pre=20 n=80 signed_mmss=12 -28 -4 5 72 -5 130 19 143 172 324 379 418 410 460 468 396 365 357 411 257 264 234 165 204 163 138 106 113 84 49 21 0 24 13 -21 -1182 -23 907 699 -164 -818 343 516 84 -377 -377 76 345 229 -175 -304 -163 170 240 79 -202 -201 -18 162 133 -37 -183 -130 41 111 23 -108 -115 54 35 -66 -95 -16 25 40 -22 -59 -27 7 
FSM: Transitioned to STATE_STOPPED 
FSM: Transitioned to STATE_MONITORING 
ACC-INT n=201 t=4461330 st=2 bz=0 pin=1
FSM: Departure latched (any-motion) 
FSM: Transitioned to STATE_MOVEMENT_DETECTED 
ACC-STAT s=0x40 pin=0 n=201 sk=0
FSM: departure velocity w=0.000
ACC-INT n=202 t=4461756 st=4 bz=0 pin=1
FSM: Transitioned to STATE_MOVING 
ACC-STAT s=0x40 pin=0 n=202 sk=0
BURST k=dep pre=20 n=80 signed_mmss=32 -21 57 -152 -164 -38 102 52 -37 -162 -202 -182 -211 -275 -296 -246 -263 -278 -326 -386 -386 -470 -409 -498 -562 -501 -414 -426 -221 -169 -125 -151 -153 -108 1 -75 -19 -73 -40 -50 26 -102 -4 -5 -4 34 -77 18 13 -44 25 -66 -29 30 -29 32 -81 -69 -39 -96 28 -32 -17 50 -58 21 -41 -32 48 -72 -111 67 -32 -33 13 -105 52 8 -63 31 
JOGV pos=0 neg=7503 ratio=0 opk=102 verdict=RUN (armed)
ACC-INT n=203 t=4465901 st=4 bz=0 pin=1
ACC-STAT s=0x40 pin=0 n=203 sk=0
ACC-INT n=204 t=4467228 st=4 bz=0 pin=1
FSM: Arrival (any-motion), edges 2 peak 1.144
ARM q=84 a=1 v=1 g=1 ro=28
FSM: Transitioned to STATE_DECELERATING 
ACC-STAT s=0x40 pin=0 n=204 sk=0
ACC-INT n=205 t=4467900 st=5 bz=0 pin=1
ACC-STAT s=0x40 pin=0 n=205 sk=0
BURST k=arr pre=20 n=80 signed_mmss=362 369 420 419 256 269 243 205 212 157 155 112 52 66 39 42 24 -1144 613 1318 436 -432 -1058 -206 628 762 0 -680 -438 273 519 262 -434 -443 -77 81 -188 -238 -14 183 92 -106 -201 -71 98 114 -41 -144 -101 21 91 22 -72 -118 -27 54 84 -38 -86 -47 24 36 -4 -75 -79 7 -8 -43 -23 -19 3 -18 -48 -21 -12 0 -20 -28 -30 -13 
FSM: Transitioned to STATE_STOPPED 
FSM: Transitioned to STATE_MONITORING 
FSM: any-motion ignored, re-arm blanking 
ACC-INT n=206 t=4477239 st=2 bz=0 pin=1
ACC-STAT s=0x40 pin=0 n=206 sk=1
FSM: any-motion ignored, re-arm blanking 
ACC-INT n=207 t=4478533 st=2 bz=0 pin=1
ACC-STAT s=0x40 pin=0 n=207 sk=2
ACC-INT n=208 t=4485414 st=2 bz=0 pin=1
FSM: Departure latched (any-motion) 
ACC-STAT s=0x40 pin=0 n=208 sk=0
FSM: Transitioned to STATE_MOVEMENT_DETECTED 
ACC-INT n=209 t=4485496 st=3 bz=0 pin=1
FSM: departure velocity w=0.000
FSM: Transitioned to STATE_MOVING 
ACC-STAT s=0x40 pin=0 n=209 sk=0
ACC-INT n=210 t=4486955 st=4 bz=0 pin=1
ACC-STAT s=0x40 pin=0 n=211 sk=0
ACC-INT n=211 t=4487561 st=4 bz=0 pin=1
BURST k=dep pre=20 n=80 signed_mmss=-68 -18 -22 0 -1 -42 -42 8 -46 56 -25 32 46 39 119 53 137 137 134 213 252 233 343 348 331 324 314 317 248 218 182 170 154 127 108 53 77 36 41 40 3 4 20 -790 685 1524 300 -706 -972 207 902 321 -664 -763 -87 367 -80 -364 -169 166 294 38 -269 -123 113 184 -19 -189 -157 43 126 19 -137 -125 22 98 41 -92 -93 -7 
JOGV pos=8597 neg=5043 ratio=58 opk=972 verdict=JOG (armed)
ACC-STAT s=0x40 pin=0 n=211 sk=0
FSM: Release (jog verdict) 
ARM q=10 a=1 v=1 g=0 ro=3
FSM: Transitioned to STATE_DECELERATING 
ACC-INT n=212 t=4491313 st=5 bz=0 pin=1
BURST k=arr pre=20 n=80 signed_mmss=-123 113 184 -19 -189 -157 43 126 19 -137 -125 22 98 41 -92 -93 -7 -56 -15 18 -33 -57 -34 10 -5 -26 -44 -13 -13 -14 -35 -28 1 -2 -13 -25 -27 -1 -7 -15 -20 -18 -18 -9 -12 -21 -36 -22 -11 -5 -26 -38 30 29 -51 -93 -98 -41 -6 31 -8 -97 -144 -169 -166 -236 -267 -310 -272 -335 -199 -1110 1283 2546 1125 -758 -1717 -523 1158 1407 
ACC-STAT s=0x40 pin=0 n=212 sk=0
ACC-INT n=213 t=4492197 st=5 bz=0 pin=1
ACC-STAT s=0x40 pin=0 n=213 sk=0
FSM: Transitioned to STATE_STOPPED 
FSM: Transitioned to STATE_MONITORING 
FSM: any-motion ignored, re-arm blanking 
ACC-INT n=214 t=4503568 st=2 bz=0 pin=1
ACC-STAT s=0x40 pin=0 n=214 sk=1
FSM: any-motion ignored, re-arm blanking 
ACC-INT n=215 t=4503945 st=2 bz=0 pin=1
ACC-STAT s=0x40 pin=0 n=215 sk=2
ACC-INT n=216 t=4508860 st=2 bz=0 pin=1
FSM: Departure latched (any-motion) 
ACC-STAT s=0x40 pin=0 n=216 sk=0
FSM: Transitioned to STATE_MOVEMENT_DETECTED 
ACC-INT n=217 t=4508925 st=3 bz=0 pin=1
FSM: departure velocity w=0.000
FSM: Transitioned to STATE_MOVING 
ACC-STAT s=0x40 pin=0 n=217 sk=0
ACC-INT n=218 t=4510367 st=4 bz=0 pin=1
ACC-STAT s=0x40 pin=1 n=219 sk=0
ACC-INT n=219 t=4510990 st=4 bz=0 pin=1
BURST k=dep pre=20 n=80 signed_mmss=-29 -20 -10 4 -42 -7 -46 -22 1 -35 -51 -44 -26 28 -15 16 55 27 112 94 122 131 198 202 274 437 413 418 462 471 431 352 239 272 197 181 140 151 101 87 85 49 51 23 14 30 2 -926 -322 1470 1324 166 -1206 -436 798 860 -569 -248 348 418 -44 -412 -198 236 305 -97 -292 -49 198 125 -130 -220 -13 161 76 -106 -136 -13 117 37 
JOGV pos=10982 neg=4829 ratio=43 opk=1206 verdict=JOG (armed)
ACC-STAT s=0x40 pin=0 n=219 sk=0
FSM: Release (jog verdict) 
ARM q=9 a=1 v=1 g=0 ro=3
FSM: Transitioned to STATE_DECELERATING 
BURST k=arr pre=20 n=80 signed_mmss=-198 236 305 -97 -292 -49 198 125 -130 -220 -13 161 76 -106 -136 -13 117 37 -5 -59 -41 0 21 -14 -18 -10 -7 -21 -23 -33 -19 -11 -27 -20 -27 -17 -20 -9 -26 -23 -23 -11 -26 -19 -12 -15 -12 -17 -23 -13 -16 -18 -19 -16 -18 -22 -15 -26 -17 -21 -7 -37 -1 -14 -3 -21 -29 -17 -4 -26 -15 -26 -13 -17 -20 -41 -9 1 15 36 
ACC-INT n=220 t=4515708 st=5 bz=0 pin=1
ACC-STAT s=0x40 pin=0 n=220 sk=0
ACC-INT n=221 t=4516397 st=5 bz=0 pin=1
FSM: Transitioned to STATE_STOPPED 
FSM: Transitioned to STATE_MONITORING 
ACC-STAT s=0x40 pin=0 n=221 sk=1
ACC-STAT s=0xFD44 pin=0 n=221 sk=1
ACC-STAT s=0xFD13 pin=0 n=221 sk=0
ACC-STAT s=0xFD3D pin=0 n=221 sk=0
ACC-STAT s=0xFD43 pin=0 n=221 sk=1
ACC-INT n=222 t=4655251 st=2 bz=0 pin=1
FSM: Departure latched (any-motion) 
FSM: Transitioned to STATE_MOVEMENT_DETECTED 
FSM: departure velocity w=0.000
FSM: Transitioned to STATE_MOVING 
ACC-STAT s=0x40 pin=0 n=222 sk=0
ACC-INT n=223 t=4655726 st=4 bz=1 pin=1
ACC-STAT s=0x40 pin=0 n=223 sk=0
ACC-INT n=224 t=4656807 st=4 bz=0 pin=1
ACC-STAT s=0x40 pin=0 n=224 sk=0
BURST k=dep pre=20 n=80 signed_mmss=-13 -5 -8 -11 -11 -8 17 19 7 -18 -79 -47 16 19 -17 -75 -126 -147 -140 -190 -217 -268 -262 -339 -480 -454 -438 -409 -357 -377 -348 -301 -305 -248 -248 -187 -211 -126 -135 -92 -63 -72 -10 -4 -64 7 -14 -30 -12 -75 23 -7 -33 29 -38 -1 -12 -20 3 13 -62 28 -6 6 -24 -26 23 -23 -6 -9 -48 11 -22 -34 13 37 31 98 49 76 
JOGV pos=0 neg=5639 ratio=0 opk=98 verdict=RUN (armed)
ACC-INT n=225 t=4658380 st=4 bz=0 pin=1
ACC-STAT s=0x40 pin=0 n=225 sk=0
ACC-INT n=226 t=4659298 st=4 bz=0 pin=1
FSM: Arrival (polled), peak 1.844
ARM q=43 a=1 v=1 g=1 ro=28
FSM: Transitioned to STATE_DECELERATING 
ACC-STAT s=0x40 pin=1 n=227 sk=0
ACC-INT n=227 t=4659789 st=5 bz=0 pin=1
ACC-STAT s=0x40 pin=0 n=227 sk=0
BURST k=arr pre=20 n=80 signed_mmss=49 76 334 370 393 448 404 248 202 188 177 159 133 80 68 41 -1843 422 1579 -132 -1550 -494 677 1255 -110 -1048 -436 646 810 -142 -692 -358 494 503 -181 -562 328 58 -289 -244 109 219 -5 -218 -175 107 161 -20 -160 -71 137 70 -85 -144 3 85 26 -84 -96 -5 67 1 -63 -73 24 54 -33 -14 4 16 -33 -29 -13 13 -4 -32 -24 -13 -2 -4 
FSM: Transitioned to STATE_STOPPED 
FSM: Transitioned to STATE_MONITORING 
ACC-STAT s=0xFD50 pin=0 n=227 sk=1
ACC-INT n=228 t=4676796 st=2 bz=0 pin=1
FSM: Departure latched (any-motion) 
FSM: Transitioned to STATE_MOVEMENT_DETECTED 
FSM: departure velocity w=0.000
FSM: Transitioned to STATE_MOVING 
ACC-STAT s=0x40 pin=0 n=228 sk=0
ACC-INT n=229 t=4677779 st=4 bz=0 pin=1
ACC-STAT s=0x40 pin=0 n=229 sk=0
ACC-STAT s=0xFD44 pin=0 n=229 sk=0
BURST k=dep pre=20 n=80 signed_mmss=-22 -36 18 -11 0 -4 -39 -51 -58 -28 -2 0 -44 -79 -127 -111 -187 -227 -259 -318 -289 -365 -360 -383 -417 -398 -466 -389 -328 -320 -245 -245 -226 -192 -133 -124 -111 -83 -39 -31 -48 -60 -3 -18 -51 -1 -88 22 -74 -13 -11 13 -3 48 0 -41 39 -23 13 -13 3 4 -14 -49 49 -29 -13 36 -29 31 -68 -49 19 -57 27 -62 -22 15 -29 38 
JOGV pos=0 neg=5614 ratio=0 opk=49 verdict=RUN (armed)
ACC-INT n=230 t=4680187 st=4 bz=0 pin=1
ACC-STAT s=0x40 pin=0 n=230 sk=0
FSM: Arrival (polled), peak 0.462
ARM q=57 a=1 v=1 g=1 ro=12
ACC-INT n=231 t=4680663 st=5 bz=0 pin=1
FSM: Transitioned to STATE_DECELERATING 
ACC-STAT s=0x40 pin=0 n=231 sk=0
ACC-INT n=232 t=4681531 st=5 bz=0 pin=1
ACC-STAT s=0x40 pin=0 n=232 sk=0
BURST k=arr pre=20 n=80 signed_mmss=-68 -49 19 -57 27 -62 -22 15 -29 38 133 145 234 173 286 211 354 462 421 434 -2049 282 1022 2720 1437 -1059 -1744 -229 1382 1078 -972 -1215 -183 995 69 -800 -630 309 733 -80 -660 -391 445 489 -93 -539 -135 25 -232 -180 112 146 -42 -182 -65 115 58 -66 -102 -8 82 39 -69 -53 20 32 -60 -66 0 1 17 -46 -18 4 12 -26 -41 -10 9 -35 
FSM: Transitioned to STATE_STOPPED 
FSM: Transitioned to STATE_MONITORING 
FSM: any-motion ignored, re-arm blanking 
ACC-INT n=233 t=4691607 st=2 bz=0 pin=1
ACC-STAT s=0x40 pin=0 n=233 sk=1
FSM: any-motion ignored, re-arm blanking 
ACC-INT n=234 t=4692033 st=2 bz=0 pin=1
ACC-STAT s=0x40 pin=0 n=234 sk=2
FSM: any-motion ignored, re-arm blanking 
ACC-INT n=235 t=4692869 st=2 bz=0 pin=1
ACC-STAT s=0x40 pin=0 n=235 sk=3
ACC-INT n=236 t=4696784 st=2 bz=0 pin=1
FSM: Departure latched (any-motion) 
FSM: Transitioned to STATE_MOVEMENT_DETECTED 
ACC-STAT s=0x40 pin=0 n=236 sk=0
FSM: departure velocity w=0.000
FSM: Transitioned to STATE_MOVING 
ACC-INT n=237 t=4697833 st=4 bz=0 pin=1
ACC-STAT s=0x40 pin=0 n=237 sk=0
ACC-INT n=238 t=4698128 st=4 bz=0 pin=1
ACC-STAT s=0x40 pin=0 n=238 sk=0
ACC-INT n=239 t=4699062 st=4 bz=0 pin=1
BURST k=dep pre=20 n=80 signed_mmss=-50 -5 -22 -31 4 -2 1 15 -25 10 -29 -32 86 10 95 85 165 135 225 169 335 179 363 293 419 375 401 270 364 194 225 173 169 148 107 109 83 48 18 18 20 -1 1 -1454 -75 1387 1076 -694 -1459 22 1239 580 -774 -954 202 -445 -503 185 392 22 -427 -154 307 189 -147 -268 85 177 15 -235 -69 155 67 -177 -108 76 107 -35 -129 -13 
JOGV pos=10208 neg=7544 ratio=73 opk=1459 verdict=JOG (armed)
ACC-STAT s=0x40 pin=0 n=239 sk=0
FSM: Release (jog verdict) 
ARM q=10 a=1 v=1 g=0 ro=3
FSM: Transitioned to STATE_DECELERATING 
BURST k=arr pre=20 n=80 signed_mmss=307 189 -147 -268 85 177 15 -235 -69 155 67 -177 -108 76 107 -35 -129 -13 34 13 12 -14 -44 -24 9 -19 -17 -18 2 -1 -33 -34 -18 -27 -14 -23 -30 -10 -14 -17 -24 3 -8 -17 -32 -17 -17 -26 -23 -14 -19 -24 -11 -4 -2 -31 -25 -5 5 -19 -21 3 3 -13 -3 -21 -25 -29 -24 -1 -18 -29 -14 -17 -14 -14 -18 -47 -65 -94 
ACC-INT n=240 t=4703600 st=5 bz=0 pin=1
ACC-STAT s=0x40 pin=0 n=240 sk=0
ACC-INT n=241 t=4704288 st=5 bz=0 pin=1
FSM: Transitioned to STATE_STOPPED 
FSM: Transitioned to STATE_MONITORING 
ACC-STAT s=0x40 pin=0 n=241 sk=1
ACC-STAT s=0xFD47 pin=0 n=241 sk=1
ACC-STAT s=0xFD43 pin=0 n=241 sk=1
ACC-STAT s=0xFD4D pin=0 n=241 sk=1
ACC-STAT read FAILED
ACC-STAT s=0xFD32 pin=0 n=241 sk=0
ACC-STAT s=0xFD2F pin=0 n=241 sk=0
ACC-STAT read FAILED
ACC-STAT s=0xFD2E pin=0 n=241 sk=0
ACC-STAT s=0xFD2E pin=0 n=241 sk=0
ACC-STAT s=0xFD19 pin=0 n=241 sk=0
ACC-STAT s=0xFD5B pin=0 n=241 sk=1
ACC-STAT s=0xFD36 pin=0 n=241 sk=0
ACC-STAT s=0xFD36 pin=0 n=241 sk=0
ACC-STAT s=0xFD37 pin=0 n=241 sk=0
ACC-STAT s=0xFD43 pin=0 n=241 sk=1
ACC-STAT s=0xFD46 pin=0 n=241 sk=1
ACC-STAT s=0xFD34 pin=0 n=241 sk=0
ACC-STAT s=0xFD39 pin=0 n=241 sk=0
ACC-STAT s=0xFD36 pin=0 n=241 sk=0
ACC-INT n=242 t=5091459 st=2 bz=0 pin=1
FSM: Departure latched (any-motion) 
FSM: Transitioned to STATE_MOVEMENT_DETECTED 
FSM: departure velocity w=0.000
FSM: Transitioned to STATE_MOVING 
ACC-STAT s=0x40 pin=0 n=242 sk=0
ACC-INT n=243 t=5092294 st=4 bz=0 pin=1
ACC-STAT s=0x40 pin=1 n=244 sk=0
ACC-INT n=244 t=5093294 st=4 bz=1 pin=1
BURST k=dep pre=20 n=80 signed_mmss=18 10 -7 -70 -47 -29 10 -7 -27 -38 -89 -108 -168 -202 -215 -233 -260 -374 -316 -353 -363 -349 -515 -406 -493 -313 -280 -286 -171 -254 -115 -234 -57 -1681 1564 2077 2192 2662 2555 42 -2420 -1190 1647 1587 -690 -1868 90 1301 411 -951 -814 415 906 -54 -829 -235 -26 -401 -99 286 161 -209 -236 75 248 22 -238 -105 148 113 -135 -180 23 120 -34 -142 -57 74 56 -70 
JOGV pos=18012 neg=17727 ratio=98 opk=2420 verdict=JOG (armed)
ACC-STAT s=0x40 pin=0 n=244 sk=0
FSM: Release (jog verdict) 
ARM q=18 a=1 v=1 g=0 ro=6
FSM: Transitioned to STATE_DECELERATING 
BURST k=arr pre=20 n=80 signed_mmss=75 248 22 -238 -105 148 113 -135 -180 23 120 -34 -142 -57 74 56 -70 -36 6 34 -21 -41 -15 16 -33 22 -2 -20 -15 -7 9 -11 -14 -29 1 20 3 -2 -20 -2 9 -7 -20 0 -17 -19 -9 -14 0 0 -42 -1 -13 -7 -21 -20 -21 -11 17 1 -8 -1 -17 -8 -9 -2 7 -1 -25 -7 0 11 -12 -1 -2 1 -14 -9 -25 -7 
ACC-STAT s=0xFD37 pin=0 n=244 sk=0
FSM: Transitioned to STATE_STOPPED 
FSM: Transitioned to STATE_MONITORING 
ACC-STAT s=0xFD3F pin=0 n=244 sk=0
ACC-STAT s=0xFD2D pin=0 n=244 sk=0
ACC-STAT s=0xFD36 pin=0 n=244 sk=0
ACC-INT n=245 t=5112987 st=2 bz=0 pin=1
FSM: Departure latched (any-motion) 
FSM: Transitioned to STATE_MOVEMENT_DETECTED 
FSM: departure velocity w=0.000
FSM: Transitioned to STATE_MOVING 
ACC-STAT s=0x40 pin=0 n=245 sk=0
ACC-INT n=246 t=5113774 st=4 bz=0 pin=1
ACC-STAT s=0x40 pin=0 n=246 sk=0
ACC-INT n=247 t=5114691 st=4 bz=0 pin=1
ACC-STAT s=0x40 pin=0 n=247 sk=0
BURST k=dep pre=20 n=80 signed_mmss=-21 -10 6 -6 -25 31 31 -39 -68 -70 4 -5 0 -30 -75 -126 -151 -201 -235 -236 -219 -216 -245 -158 -159 -33 -108 -8 -7 -133 94 -36 11 85 -1230 1904 2405 1743 -824 -2306 -112 1930 727 -1017 -1176 397 1039 169 -1104 -541 472 685 -346 -598 221 622 38 280 24 -271 -133 133 199 -150 -168 72 176 -29 -187 -30 114 76 -96 -144 20 85 -15 -101 -29 61 
JOGV pos=12969 neg=11588 ratio=89 opk=2306 verdict=JOG (armed)
FSM: Release (jog verdict) 
ARM q=9 a=1 v=1 g=0 ro=3
FSM: Transitioned to STATE_DECELERATING 
BURST k=arr pre=20 n=80 signed_mmss=199 -150 -168 72 176 -29 -187 -30 114 76 -96 -144 20 85 -15 -101 -29 61 -15 -42 -11 4 -17 1 -13 -24 -1 -5 -14 -8 -15 2 0 -19 -13 -14 -16 -2 -25 4 -7 -8 -4 -18 -13 -15 -21 -9 -4 -6 -11 -11 -3 -9 6 9 -5 -26 -11 0 -9 -15 -14 -9 -20 -9 -21 -15 -8 -18 -9 -11 -10 -21 -12 -10 -3 -7 -39 -8 
FSM: Transitioned to STATE_STOPPED 
FSM: Transitioned to STATE_MONITORING 
ACC-STAT s=0xFD39 pin=0 n=247 sk=0
ACC-STAT s=0xFD34 pin=0 n=247 sk=0
ACC-STAT s=0xFD29 pin=0 n=247 sk=0
ACC-STAT s=0xFD43 pin=0 n=247 sk=1
ACC-STAT read FAILED
ACC-STAT s=0xFD24 pin=0 n=247 sk=0
ACC-STAT read FAILED
ACC-STAT s=0xFD2E pin=0 n=247 sk=0
ACC-STAT s=0xFD3A pin=0 n=247 sk=0
ACC-STAT s=0xFD3F pin=0 n=247 sk=0
ACC-STAT s=0xFD3B pin=0 n=247 sk=0
ACC-STAT s=0xFD3C pin=0 n=247 sk=0
ACC-STAT s=0xFD43 pin=0 n=247 sk=1
ACC-STAT s=0xFD2A pin=0 n=247 sk=0
ACC-STAT s=0xFD34 pin=0 n=247 sk=0
ACC-STAT s=0xFD4A pin=0 n=247 sk=1
ACC-STAT s=0xFD46 pin=0 n=247 sk=1
ACC-STAT s=0xFD49 pin=0 n=247 sk=1
ACC-STAT s=0xFD35 pin=0 n=247 sk=0
ACC-STAT s=0xFD39 pin=0 n=247 sk=0
ACC-STAT s=0xFD2E pin=0 n=247 sk=0
ACC-STAT s=0xFD34 pin=0 n=247 sk=0
ACC-STAT s=0xFD2E pin=0 n=247 sk=0
ACC-INT n=248 t=5558730 st=2 bz=0 pin=1
FSM: Departure latched (any-motion) 
ACC-STAT s=0x40 pin=0 n=248 sk=0
FSM: Transitioned to STATE_MOVEMENT_DETECTED 
FSM: departure velocity w=0.000
FSM: Transitioned to STATE_MOVING 
ACC-INT n=249 t=5559205 st=4 bz=1 pin=1
ACC-STAT s=0xFD28 pin=0 n=249 sk=0
ACC-INT n=250 t=5560074 st=4 bz=0 pin=1
ACC-STAT s=0x40 pin=0 n=250 sk=0
BURST k=dep pre=20 n=80 signed_mmss=9 50 14 -61 -80 18 -33 39 65 60 46 63 91 133 217 232 282 337 323 368 360 401 410 346 458 507 513 642 457 482 470 494 355 328 370 371 319 279 175 266 231 159 154 164 127 82 39 -20 30 0 25 -46 -42 -23 6 18 -15 -62 -21 -36 -14 -26 -2 50 -32 -32 -14 0 13 -34 -4 25 54 21 70 -10 17 0 0 -80 
JOGV pos=10470 neg=0 ratio=0 opk=80 verdict=RUN (armed)
ACC-STAT s=0xFD19 pin=0 n=250 sk=0
ACC-INT n=251 t=5572182 st=4 bz=0 pin=1
FSM: Arrival (polled), peak 4.579
ARM q=248 a=1 v=1 g=1 ro=8
FSM: Transitioned to STATE_DECELERATING 
ACC-STAT s=0x40 pin=0 n=251 sk=0
ACC-INT n=252 t=5572526 st=5 bz=0 pin=1
ACC-STAT s=0x40 pin=0 n=252 sk=0
ACC-INT n=253 t=5573525 st=5 bz=0 pin=1
ACC-STAT s=0x40 pin=0 n=253 sk=0
ACC-INT n=254 t=5574524 st=5 bz=1 pin=1
BURST k=arr pre=20 n=80 signed_mmss=-28 11 48 -37 -20 -27 -36 -37 -30 -41 -1 -7 -44 28 -11 -1206 -3805 -4579 -5194 -4297 -570 3099 3472 -63 -2288 -1875 534 2327 1255 -1089 -1960 -918 884 1440 317 -857 -199 624 614 -83 -617 -424 232 533 216 -330 -436 1 417 322 -149 -389 -189 188 257 -48 -296 -181 113 225 57 -193 -205 -8 145 124 -65 68 100 4 -75 -95 5 78 36 -51 -91 -19 34 35 
ACC-STAT s=0xFD2E pin=0 n=254 sk=0
FSM: Transitioned to STATE_STOPPED 
FSM: Transitioned to STATE_MONITORING 
FSM: any-motion ignored, re-arm blanking 
ACC-INT n=255 t=5581996 st=2 bz=0 pin=1
ACC-STAT s=0x40 pin=0 n=255 sk=1
FSM: any-motion ignored, re-arm blanking 
ACC-INT n=256 t=5582880 st=2 bz=0 pin=1
FSM: Transitioned to STATE_MOVEMENT_DETECTED 
FSM: departure velocity w=0.000
FSM: Transitioned to STATE_MOVING 
ACC-STAT s=0x40 pin=0 n=256 sk=0
ACC-INT n=257 t=5583798 st=4 bz=0 pin=1
ACC-STAT s=0x40 pin=1 n=258 sk=0
ACC-INT n=258 t=5584814 st=4 bz=1 pin=1
ACC-STAT s=0x40 pin=0 n=258 sk=0
ACC-INT n=259 t=5585862 st=4 bz=0 pin=1
ACC-STAT s=0x40 pin=0 n=259 sk=0
ACC-INT n=260 t=5588467 st=4 bz=0 pin=1
FSM: Arrival (polled), peak 0.474
ARM q=55 a=1 v=1 g=1 ro=9
FSM: Transitioned to STATE_DECELERATING 
ACC-STAT s=0x40 pin=0 n=260 sk=0
ACC-INT n=261 t=5588975 st=5 bz=0 pin=1
ACC-STAT s=0x40 pin=1 n=262 sk=0
ACC-INT n=262 t=5589975 st=5 bz=0 pin=1
ACC-STAT s=0x40 pin=0 n=262 sk=0
ACC-INT n=263 t=5591007 st=5 bz=0 pin=1
BURST k=arr pre=20 n=80 signed_mmss=75 86 118 38 -21 -32 93 148 188 264 334 434 434 331 394 386 386 473 398 480 503 557 639 651 516 513 439 375 -1459 -2187 -3734 -5147 -4544 -235 2909 3463 406 -2625 -2661 -95 2256 2074 -456 -2266 -991 943 1611 547 -1159 -1303 -179 1032 1015 -15 -950 -684 295 842 -162 -516 -305 239 446 118 -331 -377 4 308 217 -118 -326 -151 148 237 -30 -259 -164 54 192 57 
ACC-STAT s=0x40 pin=0 n=263 sk=0
FSM: Transitioned to STATE_STOPPED 
FSM: Transitioned to STATE_MONITORING 
ACC-STAT s=0xFD37 pin=0 n=263 sk=0
ACC-STAT s=0xFD00 pin=0 n=263 sk=0
ACC-STAT s=0xFD43 pin=0 n=263 sk=1
ACC-STAT read FAILED
ACC-STAT s=0xFD51 pin=0 n=263 sk=1
ACC-STAT s=0x33 pin=0 n=263 sk=0
ACC-STAT read FAILED
ACC-STAT s=0xFD2B pin=0 n=263 sk=0
Reset cause: 0x2
ACC-INT n=1 t=5292 st=7 bz=0 pin=0
FSM: Performing Self Calibration 
ACC-STAT s=0xFD58 pin=0 n=1 sk=0
XY: calib b=6 peak=0.1530 mv=0
XY: bmax 0.1530 0.1000 0.1310 0.0680 0.0780 0.1030
FSM: READY 
XY-Still-Value   : 0.1500
FSM: Transitioned to STATE_MONITORING 
FSM: re-arm blank cleared early, settled at 1589 ms
Reset cause: 0x4
ACC-INT n=1 t=5292 st=7 bz=0 pin=0
FSM: Performing Self Calibration 
ACC-STAT s=0xFD2B pin=0 n=1 sk=0
XY: calib b=6 peak=0.0570 mv=0
XY: bmax 0.0490 0.0430 0.0570 0.0480 0.0390 0.0570
FSM: READY 
XY-Still-Value   : 0.0720
FSM: Transitioned to STATE_MONITORING 
FSM: re-arm blank cleared early, settled at 1589 ms
ACC-INT n=2 t=32112 st=2 bz=0 pin=1
FSM: Departure latched (any-motion) 
FSM: Transitioned to STATE_MOVEMENT_DETECTED 
FSM: departure velocity w=0.000
FSM: Transitioned to STATE_MOVING 
ACC-STAT s=0x40 pin=0 n=2 sk=0
ACC-INT n=3 t=32882 st=4 bz=0 pin=1
ACC-STAT s=0x40 pin=1 n=4 sk=0
ACC-INT n=4 t=33849 st=4 bz=1 pin=1
ACC-STAT s=0x40 pin=0 n=4 sk=0
ACC-INT n=5 t=34914 st=4 bz=0 pin=1
BURST k=dep pre=20 n=80 signed_mmss=12 -8 11 -2 92 18 -120 -184 -40 107 172 119 -12 -26 21 115 180 224 281 387 411 383 397 349 393 288 296 300 215 130 116 62 40 18 3 -24 5 3 -8 14 18 33 16 28 -4 -32 -19 -1 -16 -734 -2220 -4392 -2877 1652 2341 983 -1016 -1952 -634 1223 1560 213 -1113 -1137 44 1065 514 -546 -965 -262 587 710 44 -618 -531 134 558 337 -190 -444 
JOGV pos=16019 neg=19815 ratio=80 opk=2341 verdict=JOG (armed)
FSM: Release (jog verdict) 
ARM q=20 a=1 v=1 g=0 ro=3
FSM: Transitioned to STATE_DECELERATING 
ACC-STAT s=0x40 pin=0 n=5 sk=0
ACC-INT n=6 t=35979 st=5 bz=0 pin=1
ACC-STAT s=0x40 pin=0 n=6 sk=0
BURST k=arr pre=20 n=80 signed_mmss=-1113 -1137 44 1065 514 -546 -965 -262 587 710 44 -618 -531 134 558 337 -190 -444 183 -93 -145 -13 113 92 -54 -107 -45 63 100 30 -86 -72 25 80 66 -35 -70 -27 52 73 17 -44 50 38 -26 -31 -20 7 31 18 -20 -36 1 8 4 -10 -21 7 14 25 -19 -12 -2 7 10 3 4 -12 -4 4 10 1 12 6 7 7 -11 13 0 4 
FSM: Transitioned to STATE_STOPPED 
FSM: Transitioned to STATE_MONITORING 
FSM: re-arm blank cleared early, settled at 1556 ms
ACC-INT n=7 t=43859 st=2 bz=0 pin=1
FSM: Departure latched (any-motion) 
FSM: Transitioned to STATE_MOVEMENT_DETECTED 
FSM: departure velocity w=0.000
FSM: Transitioned to STATE_MOVING 
ACC-STAT s=0x40 pin=0 n=7 sk=0
ACC-INT n=8 t=44367 st=4 bz=1 pin=1
ACC-STAT s=0x40 pin=0 n=8 sk=0
ACC-INT n=9 t=46350 st=4 bz=0 pin=1
BURST k=dep pre=20 n=80 signed_mmss=-17 -2 0 -2 -4 -2 -15 -22 -11 12 0 12 -20 16 3 77 74 -101 -140 -52 167 159 76 -2 -58 64 134 374 307 319 297 300 233 300 291 289 258 215 201 183 127 91 61 23 -16 -10 1 -24 10 -23 7 18 42 14 0 -23 -27 -4 18 7 -36 -39 -57 -66 -102 -162 -165 -180 -218 -257 -290 -323 -296 -364 -363 -451 -479 -438 -343 -365 
JOGV pos=3893 neg=4694 ratio=82 opk=374 verdict=RUN (armed)
FSM: Arrival (polled), peak 0.480
ARM q=25 a=1 v=1 g=1 ro=31
FSM: Transitioned to STATE_DECELERATING 
ACC-STAT s=0x40 pin=0 n=9 sk=0
ACC-INT n=10 t=47644 st=5 bz=0 pin=1
ACC-STAT s=0x40 pin=0 n=10 sk=0
ACC-INT n=11 t=48398 st=5 bz=0 pin=1
ACC-STAT s=0x40 pin=0 n=11 sk=0
BURST k=arr pre=20 n=80 signed_mmss=-39 -57 -66 -102 -162 -165 -180 -218 -257 -290 -323 -296 -364 -363 -451 -479 -438 -343 -365 594 1332 382 -801 -878 -220 688 628 -132 -692 -572 165 501 365 -281 -462 -219 276 418 101 -266 -287 59 292 158 -139 -279 -99 140 -46 -167 -91 73 132 0 -113 -100 32 110 74 -47 -126 -23 65 91 -17 -89 -69 0 74 49 -19 -74 9 53 -55 -44 0 26 10 -8 
FSM: Transitioned to STATE_STOPPED 
FSM: Transitioned to STATE_MONITORING 
FSM: re-arm blank cleared early, settled at 1524 ms
ACC-INT n=12 t=56393 st=2 bz=0 pin=1
FSM: Departure latched (any-motion) 
FSM: Transitioned to STATE_MOVEMENT_DETECTED 
FSM: departure velocity w=0.000
FSM: Transitioned to STATE_MOVING 
ACC-STAT s=0x40 pin=0 n=12 sk=0
ACC-INT n=13 t=56705 st=4 bz=1 pin=1
ACC-STAT s=0x40 pin=0 n=13 sk=0
ACC-INT n=14 t=59179 st=4 bz=0 pin=1
BURST k=dep pre=20 n=80 signed_mmss=-28 -18 -15 6 -1 10 -26 0 0 9 183 -23 -108 -187 -116 107 137 140 44 -30 -40 86 144 179 364 350 242 240 277 301 331 276 238 248 228 168 102 52 67 31 -27 -63 -26 29 -5 18 -25 6 55 49 -6 -7 3 -53 -38 22 -2 7 -5 26 -37 15 22 -19 -14 -13 -8 -85 -26 -43 -66 -95 -144 -183 -193 -234 -264 -281 -302 -325 
JOGV pos=3625 neg=1969 ratio=54 opk=325 verdict=RUN (armed)
FSM: Arrival (polled), peak 2.985
ARM q=37 a=1 v=1 g=1 ro=24
FSM: Transitioned to STATE_DECELERATING 
ACC-STAT s=0x40 pin=0 n=15 sk=0
ACC-INT n=15 t=59883 st=5 bz=1 pin=1
ACC-STAT s=0x40 pin=0 n=15 sk=0
ACC-INT n=16 t=61030 st=5 bz=0 pin=1
ACC-STAT s=0x40 pin=0 n=16 sk=0
BURST k=arr pre=20 n=80 signed_mmss=15 22 -19 -14 -13 -8 -85 -26 -43 -66 -95 -144 -183 -193 -234 -264 -281 -302 -325 -1317 -948 297 1225 759 -311 -942 -489 423 813 382 -399 -684 -217 500 446 -72 -444 -322 160 416 216 -178 -305 -119 168 255 52 -217 -235 -14 181 38 -116 -126 -7 133 95 -21 -140 -100 21 97 44 -68 -102 15 66 63 -23 -79 -40 29 62 27 -52 -65 -7 36 -5 -29 
FSM: Transitioned to STATE_STOPPED 
FSM: Transitioned to STATE_MONITORING 
FSM: re-arm blank cleared early, settled at 1556 ms
ACC-INT n=17 t=70139 st=2 bz=0 pin=1
FSM: Departure latched (any-motion) 
FSM: Transitioned to STATE_MOVEMENT_DETECTED 
FSM: departure velocity w=0.000
FSM: Transitioned to STATE_MOVING 
ACC-STAT s=0x40 pin=0 n=17 sk=0
ACC-INT n=18 t=70811 st=4 bz=0 pin=1
ACC-STAT s=0x40 pin=0 n=18 sk=0
ACC-INT n=19 t=72499 st=4 bz=0 pin=1
ACC-STAT s=0x40 pin=0 n=19 sk=0
ACC-INT n=20 t=72876 st=4 bz=0 pin=1
BURST k=dep pre=20 n=80 signed_mmss=3 61 100 20 -117 -186 -68 112 149 75 -22 -28 44 109 185 212 278 353 409 377 355 318 391 270 345 209 192 139 83 65 15 19 25 -34 5 25 13 37 -1 16 24 8 -35 -26 -2 -38 -11 18 -50 -17 -10 22 -7 -17 45 -14 2 -54 -27 -97 -89 -124 -131 -183 -191 -216 -286 -272 -304 -353 -404 -382 -411 -418 -368 -323 -422 -299 -301 -310 
JOGV pos=3894 neg=5629 ratio=69 opk=409 verdict=RUN (armed)
ACC-STAT s=0x40 pin=0 n=20 sk=0
FSM: Arrival (polled), peak 0.632
ARM q=36 a=1 v=1 g=1 ro=34
ACC-INT n=21 t=73744 st=5 bz=1 pin=1
FSM: Transitioned to STATE_DECELERATING 
ACC-STAT s=0x40 pin=1 n=22 sk=0
ACC-INT n=22 t=74711 st=5 bz=0 pin=1
ACC-STAT s=0x40 pin=0 n=22 sk=0
BURST k=arr pre=20 n=80 signed_mmss=-286 -272 -304 -353 -404 -382 -411 -418 -368 -323 -422 -299 -301 -310 -28 -11 1 -17 -631 682 339 -444 -678 -232 397 526 -56 -445 -392 143 420 305 -99 -359 -205 133 334 135 -178 -287 -114 158 219 -49 -228 114 149 48 -123 -116 -23 87 89 -55 -116 -27 62 93 8 -72 -59 -2 79 48 -25 -73 -34 13 42 2 -40 -100 -53 25 -4 -41 -17 -27 3 11 
FSM: Transitioned to STATE_STOPPED 
FSM: Transitioned to STATE_MONITORING 
FSM: re-arm blank cleared early, settled at 1524 ms
ACC-INT n=23 t=82247 st=2 bz=0 pin=1
FSM: Departure latched (any-motion) 
FSM: Transitioned to STATE_MOVEMENT_DETECTED 
FSM: departure velocity w=0.000
FSM: Transitioned to STATE_MOVING 
ACC-STAT s=0x40 pin=0 n=23 sk=0
ACC-INT n=24 t=83460 st=4 bz=0 pin=1
ACC-STAT s=0x40 pin=0 n=24 sk=0
BURST k=dep pre=20 n=80 signed_mmss=-23 -18 4 2 -8 -29 -19 -11 -9 0 0 -19 48 5 53 -56 -131 -144 -70 158 172 65 -23 -35 369 352 371 323 291 228 258 358 281 283 288 277 250 215 177 86 101 80 26 -2 -49 -32 47 3 9 -12 3 -66 -27 37 1 -14 14 -2 16 -7 -35 -16 7 41 -17 -23 -17 -13 -6 -1 -21 -20 22 15 -19 -10 42 -29 -11 1 
JOGV pos=4651 neg=0 ratio=0 opk=144 verdict=RUN (armed)
ACC-INT n=25 t=85852 st=4 bz=0 pin=1
FSM: Arrival (polled), peak 0.495
ARM q=46 a=1 v=1 g=1 ro=8
FSM: Transitioned to STATE_DECELERATING 
ACC-STAT s=0x40 pin=0 n=25 sk=0
ACC-INT n=26 t=86163 st=5 bz=0 pin=1
ACC-STAT s=0x40 pin=0 n=26 sk=0
ACC-INT n=27 t=87179 st=5 bz=1 pin=1
ACC-STAT s=0x40 pin=0 n=27 sk=0
ACC-INT n=28 t=88178 st=5 bz=0 pin=1
BURST k=arr pre=20 n=80 signed_mmss=-6 -1 -21 -20 22 15 -19 -10 42 -29 -11 1 -192 -234 -239 -287 -310 -495 -2168 -3394 -1918 1441 2662 1689 -636 -2615 -1850 395 1932 1635 -321 -1591 -1100 560 1407 853 -476 -1259 -648 485 688 264 -428 -622 -202 350 459 -9 -377 -401 25 390 299 -72 -323 -241 109 294 185 -127 -263 -141 104 192 135 -141 37 129 83 -63 -149 -75 59 110 24 -68 -107 -40 89 74 
ACC-STAT s=0xFD28 pin=1 n=28 sk=0
ACC-STAT s=0x40 pin=0 n=28 sk=0
FSM: Transitioned to STATE_STOPPED 
FSM: Transitioned to STATE_MONITORING 
FSM: re-arm blank cleared early, settled at 1508 ms
ACC-INT n=29 t=95830 st=2 bz=0 pin=1
FSM: Departure latched (any-motion) 
FSM: Transitioned to STATE_MOVEMENT_DETECTED 
FSM: departure velocity w=0.000
FSM: Transitioned to STATE_MOVING 
ACC-STAT s=0x40 pin=0 n=29 sk=0
ACC-INT n=30 t=96911 st=4 bz=0 pin=1
ACC-STAT s=0x40 pin=0 n=30 sk=0
ACC-INT n=31 t=97959 st=4 bz=0 pin=1
ACC-STAT s=0x40 pin=0 n=31 sk=0
ACC-INT n=32 t=98910 st=4 bz=1 pin=1
BURST k=dep pre=20 n=80 signed_mmss=10 -17 -13 -23 -2 -25 -13 1 2 37 155 -52 -110 -183 -123 92 157 128 26 -30 -18 98 167 197 395 270 334 321 267 354 352 267 269 256 207 205 137 77 21 30 53 -7 -60 -31 9 -25 36 25 -13 -8 -256 -270 -246 -289 -350 -380 -539 -2094 -2591 -1456 1501 2974 1737 -823 -2385 -1654 616 1953 866 -905 -1671 -825 784 1446 676 -558 -1206 -601 415 647 
JOGV pos=17788 neg=19282 ratio=92 opk=2974 verdict=JOG (armed)
FSM: Release (jog verdict) 
ARM q=14 a=1 v=1 g=1 ro=12
FSM: Transitioned to STATE_DECELERATING 
ACC-STAT s=0x40 pin=0 n=32 sk=0
BURST k=arr pre=20 n=80 signed_mmss=1737 -823 -2385 -1654 616 1953 866 -905 -1671 -825 784 1446 676 -558 -1206 -601 415 647 18 319 274 -40 -311 -253 41 244 168 -110 -252 -77 132 187 38 -145 -184 -30 116 132 -5 -137 -133 -4 118 15 -76 -96 -25 56 53 -16 -88 -80 7 30 34 -38 -81 -43 6 40 10 -26 -44 18 30 40 -14 -51 -35 7 21 0 -29 -27 -22 17 -8 -16 -46 -8 
FSM: Transitioned to STATE_STOPPED 
FSM: Transitioned to STATE_MONITORING 
FSM: re-arm blank cleared early, settled at 1556 ms
ACC-INT n=33 t=108167 st=2 bz=0 pin=1
ACC-STAT s=0x40 pin=0 n=33 sk=1
FSM: Departure latched (any-motion) 
ACC-INT n=34 t=108199 st=3 bz=0 pin=1
FSM: Transitioned to STATE_MOVEMENT_DETECTED 
FSM: departure velocity w=0.000
FSM: Transitioned to STATE_MOVING 
ACC-STAT s=0x40 pin=0 n=34 sk=0
ACC-INT n=35 t=110067 st=4 bz=1 pin=1
ACC-STAT s=0xFEDE pin=1 n=36 sk=0
ACC-INT n=36 t=110215 st=4 bz=0 pin=1
BURST k=dep pre=20 n=80 signed_mmss=-20 -11 17 83 28 -30 -125 -122 -10 128 137 46 -8 -14 73 134 149 245 340 430 431 389 366 313 380 265 260 283 207 147 124 113 11 6 11 -1 -71 -35 47 16 64 42 -25 7 41 -43 -38 27 -3 -75 -34 36 -35 -22 35 26 3145 2144 -326 -2833 -2376 190 2240 2169 130 -1801 -1918 -177 1509 1638 243 -1136 -1453 107 1176 1037 -60 -1081 -1001 33 
JOGV pos=19400 neg=14102 ratio=72 opk=2833 verdict=JOG (armed)
ACC-STAT s=0x40 pin=0 n=36 sk=0
FSM: Release (jog verdict) 
ARM q=27 a=1 v=1 g=0 ro=3
ACC-INT n=37 t=111525 st=5 bz=0 pin=1
FSM: Transitioned to STATE_DECELERATING 
ACC-STAT s=0x40 pin=0 n=37 sk=0
ACC-INT n=38 t=112590 st=5 bz=0 pin=1
ACC-STAT s=0x40 pin=0 n=38 sk=0
BURST k=arr pre=20 n=80 signed_mmss=2169 130 -1801 -1918 -177 1509 1638 243 -1136 -1453 107 1176 1037 -60 -1081 -1001 33 -608 -510 232 437 171 -269 -425 -162 213 312 70 -221 -301 -74 188 198 21 -211 -147 52 182 105 -82 -180 -93 55 127 70 -101 -125 -57 66 59 -32 -81 -44 21 56 19 -53 -53 -19 8 37 -17 -40 -68 -29 22 25 -16 -25 -25 1 15 0 -16 -36 -13 -23 5 1 -29 
FSM: Transitioned to STATE_STOPPED 
FSM: Transitioned to STATE_MONITORING 
FSM: re-arm blank cleared early, settled at 1508 ms
ACC-INT n=39 t=120209 st=2 bz=0 pin=1
FSM: Departure latched (any-motion) 
FSM: Transitioned to STATE_MOVEMENT_DETECTED 
FSM: departure velocity w=0.000
FSM: Transitioned to STATE_MOVING 
ACC-STAT s=0x40 pin=0 n=39 sk=0
ACC-INT n=40 t=120700 st=4 bz=1 pin=1
ACC-STAT s=0x40 pin=0 n=40 sk=0
BURST k=dep pre=20 n=80 signed_mmss=-11 -16 -4 -13 -32 -8 -13 -4 -10 10 -1 57 20 -79 -111 -122 -4 138 99 61 5 0 67 116 179 274 343 224 205 328 285 259 235 268 264 264 201 149 138 89 28 -22 -5 -7 -38 -17 41 -34 -34 67 -35 -2 16 -23 -40 24 68 -38 -8 47 -13 36 -4 -91 -7 22 -46 -76 12 -14 -29 24 20 -32 -12 76 13 -60 -5 -69 
JOGV pos=3329 neg=0 ratio=0 opk=122 verdict=RUN (armed)
ACC-INT n=41 t=124796 st=4 bz=1 pin=1
ACC-STAT s=0x40 pin=0 n=41 sk=0
ACC-INT n=42 t=124911 st=4 bz=1 pin=1
ACC-STAT s=0x40 pin=0 n=42 sk=0
FSM: Arrival (polled), peak 1.175
ARM q=74 a=1 v=1 g=1 ro=31
ACC-INT n=43 t=125976 st=5 bz=0 pin=1
FSM: Transitioned to STATE_DECELERATING 
ACC-STAT s=0x40 pin=1 n=44 sk=0
ACC-INT n=44 t=126926 st=5 bz=0 pin=1
ACC-STAT s=0x40 pin=0 n=44 sk=0
ACC-INT n=45 t=128008 st=5 bz=0 pin=1
BURST k=arr pre=20 n=80 signed_mmss=-433 -332 -289 -322 -223 -193 -192 -165 -123 -68 -78 -102 -78 -36 -15 -23 -31 -1174 483 1014 655 107 -611 -547 118 495 306 -114 -452 -250 146 423 266 -96 -343 -244 120 313 200 -120 -301 -197 132 225 68 -159 -222 -82 122 193 50 -128 -24 105 113 -32 -120 -95 6 76 59 -32 -109 -72 30 55 23 -49 -85 -40 13 51 18 -52 -74 -19 31 44 15 -46 
ACC-STAT s=0x40 pin=0 n=45 sk=0
FSM: Transitioned to STATE_STOPPED 
FSM: Transitioned to STATE_MONITORING 
FSM: re-arm blank cleared early, settled at 1523 ms
ACC-INT n=46 t=135413 st=2 bz=0 pin=1
ACC-STAT s=0x40 pin=0 n=47 sk=1
FSM: Departure latched (any-motion) 
ACC-INT n=47 t=135446 st=3 bz=0 pin=1
FSM: Transitioned to STATE_MOVEMENT_DETECTED 
FSM: departure velocity w=0.000
FSM: Transitioned to STATE_MOVING 
ACC-STAT s=0x40 pin=0 n=47 sk=0
ACC-INT n=48 t=136855 st=4 bz=0 pin=1
ACC-STAT s=0x40 pin=0 n=48 sk=0
ACC-INT n=49 t=137658 st=4 bz=0 pin=1
BURST k=dep pre=20 n=80 signed_mmss=-73 -159 -168 77 104 83 -32 -135 -198 -216 -254 -262 -260 -236 -259 -311 -308 -352 -362 -525 -427 -391 -463 -397 -371 -84 -77 -71 -59 -80 -60 -26 4 -35 -43 24 20 -15 -29 52 24 56 33 22 63 122 133 125 170 234 277 280 407 374 328 285 237 192 225 171 140 88 62 83 31 22 0 13 15 24 -1052 574 662 436 -354 -701 -457 279 504 249 
JOGV pos=5884 neg=8483 ratio=69 opk=662 verdict=RUN (armed)
ACC-STAT s=0x40 pin=1 n=50 sk=0
FSM: Arrival (any-motion), edges 2 peak 1.053
ARM q=23 a=1 v=1 g=0 ro=3
ACC-INT n=50 t=138805 st=5 bz=1 pin=1
FSM: Transitioned to STATE_DECELERATING 
ACC-STAT s=0x40 pin=0 n=50 sk=0
ACC-INT n=51 t=139935 st=5 bz=0 pin=1
ACC-STAT s=0x40 pin=0 n=51 sk=0
BURST k=arr pre=20 n=80 signed_mmss=62 83 31 22 0 13 15 24 -1052 574 662 436 -354 -701 -457 279 504 249 211 227 25 -232 -254 -37 182 195 -17 -177 -194 2 161 131 -11 -180 -116 37 133 53 -78 -132 -73 42 115 30 -58 -108 -52 53 -18 -65 -46 -7 49 37 -31 -62 -40 1 41 2 -38 -62 -34 25 28 -15 -43 -29 -6 7 1 -22 -33 -11 1 19 -1 -24 -37 -4 
FSM: Transitioned to STATE_STOPPED 
FSM: Transitioned to STATE_MONITORING 
FSM: re-arm blank cleared early, settled at 1540 ms
ACC-INT n=52 t=147046 st=2 bz=0 pin=1
FSM: Departure latched (any-motion) 
FSM: Transitioned to STATE_MOVEMENT_DETECTED 
ACC-STAT s=0x40 pin=0 n=52 sk=0
ACC-INT n=53 t=147275 st=3 bz=0 pin=1
FSM: departure velocity w=0.000
FSM: Transitioned to STATE_MOVING 
ACC-STAT s=0x40 pin=1 n=54 sk=0
ACC-INT n=54 t=148144 st=4 bz=0 pin=1
ACC-STAT s=0x40 pin=0 n=54 sk=0
ACC-INT n=55 t=149946 st=4 bz=0 pin=1
BURST k=dep pre=20 n=80 signed_mmss=-10 -14 -20 -1 -13 -15 -19 -7 9 -6 -8 -8 17 121 -26 -52 -218 -174 86 150 67 -54 -146 -187 -252 -285 -289 -579 -482 -452 -460 -347 -354 -307 -205 -172 -152 -130 -93 -86 -77 -92 -65 -49 -65 -66 0 -17 -64 21 36 -5 -31 43 -85 -80 47 8 -32 -12 38 -17 -34 24 -26 -68 18 20 -41 -54 38 3 19 25 4 34 104 43 58 131 
JOGV pos=0 neg=4915 ratio=0 opk=150 verdict=RUN (armed)
ACC-STAT s=0x40 pin=0 n=56 sk=0
ACC-INT n=56 t=150454 st=4 bz=1 pin=1
FSM: Arrival (polled), peak 1.137
ARM q=43 a=1 v=1 g=1 ro=30
FSM: Transitioned to STATE_DECELERATING 
ACC-STAT s=0x40 pin=0 n=56 sk=0
ACC-INT n=57 t=151535 st=5 bz=0 pin=1
ACC-STAT s=0x40 pin=0 n=57 sk=0
ACC-INT n=58 t=152535 st=5 bz=0 pin=1
ACC-STAT s=0x40 pin=0 n=58 sk=0
BURST k=arr pre=20 n=80 signed_mmss=34 104 43 58 131 341 225 210 155 158 170 120 46 54 50 67 -1136 -86 230 846 387 -637 -696 7 562 606 55 -479 -504 8 452 386 -26 -451 -378 -2 330 134 -166 -286 -101 133 233 65 -161 -228 -69 128 174 4 -168 -171 -3 133 96 -56 -163 -87 54 123 51 -84 -123 -48 71 104 -19 -74 -38 26 34 29 -37 -47 -13 16 9 19 -48 -43 
FSM: Transitioned to STATE_STOPPED 
FSM: Transitioned to STATE_MONITORING 
FSM: re-arm blank cleared early, settled at 1524 ms
ACC-INT n=59 t=159531 st=2 bz=0 pin=1
FSM: Departure latched (any-motion) 
FSM: Transitioned to STATE_MOVEMENT_DETECTED 
ACC-STAT s=0x40 pin=0 n=59 sk=0
ACC-INT n=60 t=159760 st=3 bz=0 pin=1
FSM: departure velocity w=0.000
FSM: Transitioned to STATE_MOVING 
ACC-STAT s=0x40 pin=0 n=60 sk=0
ACC-INT n=61 t=160743 st=4 bz=0 pin=1
ACC-STAT s=0x40 pin=0 n=61 sk=0
BURST k=dep pre=20 n=80 signed_mmss=-25 -25 -1 0 4 -18 -44 -38 -7 10 1 -33 -29 -82 160 -7 -84 -174 -162 87 121 37 -75 -163 -170 -327 -329 -443 -343 -484 -534 -402 -387 -275 -287 -228 -204 -170 -146 -130 -114 -108 -105 -59 -62 -35 -28 -65 0 -28 -28 0 55 -1 -5 28 13 -4 9 -42 -10 31 21 -43 16 27 -34 -22 12 -44 1 -29 -57 -15 19 -8 -25 33 14 -23 
JOGV pos=160 neg=5082 ratio=3 opk=160 verdict=RUN (armed)
ACC-INT n=62 t=164610 st=4 bz=1 pin=1
ACC-STAT s=0x40 pin=0 n=62 sk=0
ACC-INT n=63 t=165232 st=4 bz=0 pin=1
FSM: Arrival (polled), peak 0.828
ARM q=81 a=1 v=1 g=1 ro=25
FSM: Transitioned to STATE_DECELERATING 
ACC-STAT s=0x40 pin=0 n=63 sk=0
ACC-INT n=64 t=165937 st=5 bz=1 pin=1
ACC-STAT s=0x40 pin=0 n=64 sk=0
ACC-INT n=65 t=167002 st=5 bz=0 pin=1
ACC-STAT s=0x40 pin=0 n=65 sk=0
BURST k=arr pre=20 n=80 signed_mmss=287 185 198 167 144 89 86 83 28 33 -4 16 18 7 -273 -668 780 828 -43 -723 -777 194 531 233 -274 -439 -215 209 309 113 -292 -332 -78 222 272 7 -256 -178 94 232 117 -135 -247 -99 95 156 31 -146 -180 -23 108 46 -102 -122 -46 69 78 -10 -107 -75 18 62 41 -39 -78 -43 27 53 -7 -60 -44 6 31 15 -38 -30 -10 6 4 -28 
FSM: Transitioned to STATE_STOPPED 
FSM: Transitioned to STATE_MONITORING 
FSM: re-arm blank cleared early, settled at 1556 ms
ACC-INT n=66 t=174473 st=2 bz=0 pin=1
FSM: Departure latched (any-motion) 
FSM: Transitioned to STATE_MOVEMENT_DETECTED 
FSM: departure velocity w=0.000
FSM: Transitioned to STATE_MOVING 
ACC-STAT s=0x40 pin=0 n=66 sk=0
ACC-INT n=67 t=175439 st=4 bz=0 pin=1
ACC-STAT s=0x40 pin=0 n=67 sk=0
ACC-STAT s=0xFD15 pin=0 n=67 sk=0
BURST k=dep pre=20 n=80 signed_mmss=-32 -20 -10 5 -5 -22 -27 189 -26 -80 -172 -148 75 118 33 -82 -186 -208 -237 -253 -282 -258 -232 -286 -273 -333 -329 -279 -234 -189 -162 -159 -111 -96 -87 -79 -101 -92 -48 -28 -50 -44 -22 -25 4 42 21 -8 20 -28 21 -8 -43 -32 -16 -14 -46 -14 1 1 -1 26 -7 -28 -47 24 -5 -32 13 -8 5 -5 12 -56 -10 31 -11 -38 -37 -13 
JOGV pos=189 neg=4072 ratio=4 opk=189 verdict=RUN (armed)
FSM: Arrival (polled), peak 2.535
ARM q=79 a=1 v=1 g=0 ro=2
FSM: Transitioned to STATE_DECELERATING 
ACC-INT n=68 t=179093 st=5 bz=0 pin=1
ACC-STAT s=0x40 pin=0 n=68 sk=0
ACC-INT n=69 t=179601 st=5 bz=1 pin=1
ACC-STAT s=0x40 pin=0 n=69 sk=0
ACC-INT n=70 t=180617 st=5 bz=0 pin=1
ACC-STAT s=0x40 pin=0 n=70 sk=0
BURST k=arr pre=20 n=80 signed_mmss=-49 -28 31 -1 -52 -25 10 -4 -1 28 -8 -50 -32 28 -23 -395 447 2534 3498 3839 1252 -2097 -3170 -1050 1612 2651 844 -1627 -2197 -612 1426 870 -248 -990 -622 327 797 390 -375 -674 -230 341 465 73 -389 -454 -41 355 297 -161 -347 -159 162 270 53 -247 -252 -32 159 132 -31 -198 -149 103 82 -49 -119 -74 32 80 9 -63 -101 -23 47 40 -9 -74 -37 10 
FSM: Transitioned to STATE_STOPPED 
FSM: Transitioned to STATE_MONITORING 
FSM: re-arm blank cleared early, settled at 1507 ms
ACC-INT n=71 t=189923 st=2 bz=0 pin=1
FSM: Departure latched (any-motion) 
FSM: Transitioned to STATE_MOVEMENT_DETECTED 
FSM: departure velocity w=0.000
FSM: Transitioned to STATE_MOVING 
ACC-STAT s=0x40 pin=0 n=71 sk=0
ACC-INT n=72 t=190988 st=4 bz=0 pin=1
ACC-STAT s=0x40 pin=0 n=72 sk=0
BURST k=dep pre=20 n=80 signed_mmss=-43 58 125 -16 -131 -181 -172 -177 -243 -275 -283 -217 -261 -330 -368 -423 -396 -423 -406 -406 -477 -325 -289 -253 -240 -220 -62 -31 -35 -23 -32 -2 -20 -5 1 50 -16 -10 27 -21 -27 -21 -7 -32 9 -32 -7 -22 10 -15 -25 -14 1 -8 -35 -18 9 -2 -9 -5 -63 -11 12 -8 -34 -15 11 -29 -8 -11 -1 -4 3 -25 -65 2 -44 -8 -37 -10 
JOGV pos=0 neg=6365 ratio=0 opk=125 verdict=RUN (armed)
ACC-INT n=73 t=194314 st=4 bz=0 pin=1
ACC-STAT s=0x40 pin=0 n=73 sk=0
ACC-INT n=74 t=195084 st=4 bz=1 pin=1
FSM: Arrival (polled), peak 1.132
ARM q=75 a=1 v=1 g=1 ro=28
FSM: Transitioned to STATE_DECELERATING 
ACC-STAT s=0x40 pin=0 n=74 sk=0
ACC-INT n=75 t=195477 st=5 bz=0 pin=1
ACC-STAT s=0x40 pin=0 n=75 sk=0
BURST k=arr pre=20 n=80 signed_mmss=321 329 356 430 410 370 408 281 292 235 232 224 31 37 -2 29 13 -1132 -171 706 785 -257 -873 -499 354 853 262 -419 -618 -53 471 337 -226 -548 -314 165 364 109 -298 -342 -29 250 219 -46 18 164 102 -123 -178 -78 97 127 -27 -131 -124 21 127 52 -66 -141 -38 48 55 -52 -105 -52 44 61 7 -89 -66 -2 61 -26 -40 -47 8 28 1 -44 
FSM: Transitioned to STATE_STOPPED 
FSM: Transitioned to STATE_MONITORING 
FSM: re-arm blank cleared early, settled at 1573 ms
ACC-INT n=76 t=204046 st=2 bz=0 pin=1
FSM: Departure latched (any-motion) 
FSM: Transitioned to STATE_MOVEMENT_DETECTED 
FSM: departure velocity w=0.000
FSM: Transitioned to STATE_MOVING 
ACC-STAT s=0x40 pin=0 n=76 sk=0
ACC-INT n=77 t=205324 st=4 bz=0 pin=1
ACC-STAT s=0x40 pin=0 n=77 sk=0
ACC-INT n=78 t=206585 st=4 bz=0 pin=1
ACC-STAT s=0x40 pin=0 n=78 sk=0
BURST k=dep pre=20 n=80 signed_mmss=-23 -1 -10 -13 -12 -7 -25 -8 -4 -14 -20 -5 -16 21 23 36 -74 -92 -98 -8 100 58 -78 -165 -196 -296 -365 -407 -382 -425 -362 -374 -451 -359 -365 -296 -240 -250 -190 -117 -114 -126 -112 -63 -45 -26 -67 -58 -23 -30 -33 -23 -16 -1 0 3 0 -10 -4 -37 -40 0 13 53 23 34 70 77 109 111 171 169 207 257 243 303 348 389 385 408 
JOGV pos=2880 neg=5123 ratio=56 opk=408 verdict=RUN (armed)
ACC-INT n=79 t=206962 st=4 bz=0 pin=1
FSM: Arrival (polled), peak 0.652
ARM q=31 a=1 v=1 g=1 ro=35
ACC-STAT s=0xFDF9 pin=1 n=79 sk=0
FSM: Transitioned to STATE_DECELERATING 
ACC-STAT s=0x40 pin=0 n=79 sk=0
ACC-INT n=80 t=209420 st=5 bz=0 pin=1
ACC-STAT s=0x40 pin=0 n=80 sk=0
BURST k=arr pre=20 n=80 signed_mmss=171 169 207 257 243 303 348 389 385 408 153 149 106 61 56 25 46 651 791 -313 -902 -492 383 812 153 -492 -608 -34 500 435 -275 -508 -171 300 411 47 -345 -302 85 344 168 -162 -328 -78 199 204 -189 -172 30 149 83 -98 -173 -43 108 94 -21 -139 -103 43 98 29 -98 -108 -16 90 24 -68 -94 -31 62 61 -29 -84 30 8 -46 -49 -8 22 
FSM: Transitioned to STATE_STOPPED 
FSM: Transitioned to STATE_MONITORING 
FSM: re-arm blank cleared early, settled at 1523 ms
ACC-STAT s=0xFD5F pin=0 n=80 sk=1
ACC-INT n=81 t=327827 st=2 bz=0 pin=1
FSM: Departure latched (any-motion) 
FSM: Transitioned to STATE_MOVEMENT_DETECTED 
FSM: departure velocity w=0.000
FSM: Transitioned to STATE_MOVING 
ACC-STAT s=0x40 pin=0 n=81 sk=0
BURST k=dep pre=20 n=80 signed_mmss=17 25 16 -10 -6 0 30 -15 -12 0 31 62 -87 -95 -5 51 45 -33 -89 -52 54 85 -47 -84 9 122 136 -114 77 132 28 -118 -90 31 109 78 -79 -97 -20 85 73 -34 -87 -20 64 25 -47 -54 -4 46 44 -21 22 38 3 -25 -23 2 24 -11 -28 -23 17 18 -11 -8 -21 -11 2 13 -6 -22 3 25 15 -31 -27 -15 2 9 
JOGV pos=0 neg=0 ratio=0 opk=118 verdict=RUN (armed)
ACC-STAT s=0xFD41 pin=0 n=81 sk=0
ACC-STAT s=0xFD4B pin=0 n=81 sk=0
ACC-INT n=82 t=461111 st=4 bz=0 pin=1
FSM: Arrival (polled), peak 2.479
ARM q=255 a=1 v=1 g=1 ro=16
FSM: Transitioned to STATE_DECELERATING 
ACC-STAT s=0x40 pin=0 n=83 sk=0
ACC-INT n=83 t=461881 st=5 bz=0 pin=1
ACC-STAT s=0x40 pin=0 n=83 sk=0
ACC-INT n=84 t=463060 st=5 bz=0 pin=1
ACC-STAT s=0x40 pin=0 n=84 sk=0
BURST k=arr pre=20 n=80 signed_mmss=-22 28 88 37 -77 -181 -202 -133 -206 -263 -323 -273 -318 -265 -374 -899 903 2478 2180 93 -2009 -1456 640 1926 1090 -683 -1554 -642 786 1196 243 -111 516 507 -95 -538 -316 212 445 142 -278 -341 -17 300 205 -90 -301 -87 186 182 -43 -242 -143 79 172 28 -146 -169 -16 -39 -119 -66 46 55 19 -77 -70 -11 41 23 -42 -72 -43 11 19 -19 -50 -46 14 3 
ACC-STAT s=0xFD49 pin=0 n=84 sk=0
FSM: Transitioned to STATE_STOPPED 
FSM: Transitioned to STATE_MONITORING 
FSM: re-arm blank cleared early, settled at 1524 ms
ACC-STAT s=0xFD33 pin=0 n=84 sk=0
ACC-STAT s=0xFD4E pin=0 n=84 sk=1
ACC-INT n=85 t=768770 st=2 bz=0 pin=1
ACC-STAT s=0x40 pin=0 n=85 sk=1
FSM: Departure latched (any-motion) 
ACC-INT n=86 t=768933 st=3 bz=0 pin=1
FSM: Transitioned to STATE_MOVEMENT_DETECTED 
FSM: departure velocity w=0.000
FSM: Transitioned to STATE_MOVING 
ACC-STAT s=0x40 pin=1 n=87 sk=0
ACC-INT n=87 t=769933 st=4 bz=0 pin=1
ACC-STAT s=0x40 pin=0 n=87 sk=0
BURST k=dep pre=20 n=80 signed_mmss=51 -12 -35 -27 21 25 -21 -80 -52 133 234 332 -272 -708 -239 561 691 106 -351 -440 -520 406 608 157 -472 -583 405 128 -213 -188 94 306 138 -180 -189 19 170 112 -111 -177 -5 177 143 -60 -146 -23 138 151 -12 -143 -71 91 123 -86 -59 36 77 21 -55 -68 -4 76 63 -34 -71 0 38 50 0 -69 -47 42 -14 -44 -52 -21 36 86 37 -55 
JOGV pos=4198 neg=4532 ratio=92 opk=691 verdict=RUN (armed)
ACC-INT n=88 t=771948 st=4 bz=0 pin=1
ACC-STAT s=0x40 pin=0 n=88 sk=0
FSM: Arrival (polled), peak 0.526
ARM q=5 a=1 v=1 g=0 ro=6
ACC-INT n=89 t=778518 st=5 bz=0 pin=1
ACC-STAT s=0x40 pin=0 n=89 sk=0
FSM: Transitioned to STATE_DECELERATING 
ACC-INT n=90 t=778682 st=5 bz=0 pin=1
ACC-STAT s=0x40 pin=0 n=90 sk=0
ACC-INT n=91 t=779681 st=5 bz=0 pin=1
ACC-STAT s=0x40 pin=1 n=92 sk=0
ACC-INT n=92 t=780795 st=5 bz=0 pin=1
BURST k=arr pre=20 n=80 signed_mmss=43 -86 -61 0 82 13 -102 -140 25 132 125 -10 -160 -525 -390 252 604 249 -156 -711 -492 317 748 237 -596 -694 -50 651 507 -219 -630 -284 352 476 32 -459 -374 165 438 171 -293 -269 122 340 -143 -234 -43 190 163 -78 -216 -68 132 159 -63 -156 -37 106 159 -59 -248 -155 115 236 69 -173 -205 20 174 121 -68 -159 -77 142 -110 -70 33 91 22 -81 
ACC-STAT s=0x40 pin=0 n=92 sk=0
FSM: Transitioned to STATE_STOPPED 
FSM: Transitioned to STATE_MONITORING 
FSM: re-arm blank cleared early, settled at 1884 ms
ACC-INT n=93 t=786268 st=2 bz=0 pin=1
FSM: Departure latched (any-motion) 
FSM: Transitioned to STATE_MOVEMENT_DETECTED 
FSM: departure velocity w=-0.001
FSM: Transitioned to STATE_MOVING 
ACC-STAT s=0x40 pin=0 n=93 sk=0
ACC-INT n=94 t=787202 st=4 bz=0 pin=1
ACC-STAT s=0x40 pin=0 n=94 sk=0
ACC-INT n=95 t=788201 st=4 bz=1 pin=1
ACC-STAT s=0x40 pin=0 n=95 sk=0
BURST k=dep pre=20 n=80 signed_mmss=-19 -4 42 53 -60 -129 -119 -47 59 117 112 53 -35 6 91 146 198 303 197 115 1 -130 -116 -171 -266 -303 8 -24 -111 -149 -103 -1010 749 1055 143 -987 -765 33 873 448 -369 -723 -286 365 456 64 -513 -368 92 413 141 -246 -263 72 273 137 -165 -210 101 131 -9 -131 -109 59 105 6 -104 -68 29 91 25 -66 -80 -3 58 30 -34 -40 -28 28 
JOGV pos=5330 neg=6645 ratio=80 opk=1055 verdict=JOG (armed)
FSM: Release (jog verdict) 
ARM q=5 a=1 v=1 g=0 ro=3
FSM: Transitioned to STATE_DECELERATING 
BURST k=arr pre=20 n=80 signed_mmss=-109 59 105 6 -104 -68 29 91 25 -66 -80 -3 58 30 -34 -40 -28 28 12 -10 -23 -10 -20 -7 -8 1 6 0 -26 -2 1 0 -10 -23 -7 -5 -5 -14 -14 -16 -7 -6 -8 -12 -9 0 -10 -10 -8 -12 -5 -9 -7 -19 -4 0 -10 -11 -10 -15 -23 -7 -15 4 -20 -11 -8 -6 -17 -8 -10 -5 -23 -13 -4 -20 -7 -1 -5 -16 
FSM: Transitioned to STATE_STOPPED 
FSM: Transitioned to STATE_MONITORING 
FSM: re-arm blank cleared early, settled at 1524 ms
ACC-STAT s=0xFD33 pin=0 n=95 sk=0
ACC-STAT s=0xFD3C pin=0 n=95 sk=0
ACC-STAT s=0xFD62 pin=0 n=95 sk=1
ACC-STAT s=0xFD54 pin=0 n=95 sk=1
ACC-STAT s=0xFD0C pin=0 n=95 sk=0
ACC-STAT s=0xFD42 pin=0 n=95 sk=1
ACC-STAT s=0xFD33 pin=0 n=95 sk=0
ACC-STAT read FAILED
ACC-STAT s=0xFD30 pin=0 n=95 sk=0
ACC-STAT s=0xFD26 pin=0 n=95 sk=0
ACC-STAT s=0xFD28 pin=0 n=95 sk=0
ACC-STAT s=0xFD3E pin=0 n=95 sk=0
ACC-STAT s=0xFD4A pin=0 n=95 sk=1
ACC-STAT s=0xFD35 pin=0 n=95 sk=0
ACC-STAT s=0xFD36 pin=0 n=95 sk=0
ACC-STAT read FAILED
ACC-STAT s=0xFD3A pin=0 n=95 sk=0
ACC-STAT s=0xFD27 pin=0 n=95 sk=0
ACC-STAT read FAILED
ACC-INT n=96 t=1235664 st=2 bz=0 pin=1
FSM: Departure latched (any-motion) 
FSM: Transitioned to STATE_MOVEMENT_DETECTED 
FSM: departure velocity w=0.000
FSM: Transitioned to STATE_MOVING 
ACC-STAT s=0x40 pin=0 n=96 sk=0
ACC-INT n=97 t=1236762 st=4 bz=0 pin=1
ACC-STAT s=0x40 pin=0 n=97 sk=0
BURST k=dep pre=20 n=80 signed_mmss=0 -4 1 0 0 4 2 3 10 4 59 95 -31 -86 -106 -25 82 74 -28 -108 -150 -140 -147 -186 -257 -244 -260 -433 -459 -359 -404 -325 -321 -283 -218 -175 -144 -108 -113 -83 -45 -21 -47 -43 -16 19 -5 2 19 -1 4 47 -31 18 13 35 -11 8 -1 10 8 -12 28 13 22 -31 -5 6 16 -32 -13 -8 7 15 -4 15 -14 -2 -5 0 
JOGV pos=0 neg=3924 ratio=0 opk=95 verdict=RUN (armed)
ACC-INT n=98 t=1240416 st=4 bz=0 pin=1
ACC-STAT s=0x40 pin=0 n=98 sk=0
ACC-INT n=99 t=1241284 st=4 bz=0 pin=1
FSM: Arrival (any-motion), edges 2 peak 1.580
ARM q=81 a=1 v=1 g=1 ro=29
FSM: Transitioned to STATE_DECELERATING 
ACC-STAT s=0x40 pin=1 n=100 sk=0
ACC-INT n=100 t=1242169 st=5 bz=0 pin=1
ACC-STAT s=0x40 pin=0 n=100 sk=0
BURST k=arr pre=20 n=80 signed_mmss=355 348 387 406 213 210 210 131 91 103 82 50 36 6 18 32 23 -1580 -10 864 576 -517 -1099 -60 696 468 -332 -698 -100 486 514 -73 -569 -225 269 416 -249 -226 130 228 56 -183 -189 65 189 80 -111 -130 -2 138 88 -44 -126 -34 77 70 -11 -75 -21 79 44 -19 -59 -12 38 11 -27 -65 23 13 -11 5 18 5 -17 -4 3 0 -5 -8 
FSM: Transitioned to STATE_STOPPED 
FSM: Transitioned to STATE_MONITORING 
FSM: re-arm blank cleared early, settled at 1573 ms
ACC-STAT s=0xFD3B pin=0 n=100 sk=0
ACC-STAT s=0xFD33 pin=0 n=100 sk=0
ACC-STAT s=0xFD41 pin=0 n=100 sk=1
ACC-STAT s=0xFD34 pin=0 n=100 sk=0
ACC-STAT read FAILED
ACC-STAT s=0xFD4D pin=0 n=100 sk=1
ACC-STAT s=0xFD42 pin=0 n=100 sk=1
ACC-INT n=101 t=1375322 st=2 bz=0 pin=1
FSM: Departure latched (any-motion) 
FSM: Transitioned to STATE_MOVEMENT_DETECTED 
FSM: departure velocity w=0.000
FSM: Transitioned to STATE_MOVING 
ACC-STAT s=0x40 pin=0 n=101 sk=0
ACC-INT n=102 t=1376288 st=4 bz=0 pin=1
ACC-STAT s=0x40 pin=0 n=102 sk=0
ACC-INT n=103 t=1377386 st=4 bz=1 pin=1
BURST k=dep pre=20 n=80 signed_mmss=-85 -81 13 33 9 39 76 238 -138 -426 -232 287 376 98 -207 -187 -390 206 447 -9 -547 -341 306 711 9 -768 -595 947 923 -149 -859 -134 643 332 -351 -501 -98 345 295 -102 -369 -217 228 347 -41 -315 -180 152 264 -32 -222 -144 159 232 58 -241 -120 74 47 -108 -144 -57 97 101 -66 -185 -27 145 110 -43 -112 -56 65 94 6 -92 -73 25 85 20 
JOGV pos=7438 neg=7133 ratio=95 opk=859 verdict=RUN (armed)
ACC-STAT s=0xFD1B pin=1 n=103 sk=0
ACC-STAT s=0x40 pin=0 n=103 sk=0
ACC-STAT s=0xFD32 pin=0 n=103 sk=0
ACC-INT n=104 t=1404960 st=4 bz=0 pin=1
FSM: Arrival (polled), peak 1.106
ARM q=9 a=1 v=1 g=1 ro=12
FSM: Transitioned to STATE_DECELERATING 
ACC-STAT s=0x40 pin=0 n=105 sk=0
ACC-INT n=105 t=1405796 st=5 bz=0 pin=1
ACC-STAT s=0x40 pin=0 n=105 sk=0
ACC-INT n=106 t=1406828 st=5 bz=1 pin=1
ACC-STAT s=0x40 pin=0 n=106 sk=0
BURST k=arr pre=20 n=80 signed_mmss=7 -18 25 27 -27 -87 -97 -41 54 57 7 -117 -181 -179 -147 -203 -252 1105 2565 1437 -1677 -2175 -156 1619 1383 -341 -1477 -663 833 1256 227 -1007 -890 312 933 397 -532 -769 -137 679 372 -351 -580 -73 455 423 -154 -474 -194 279 53 -257 -177 119 202 40 -172 -174 33 149 61 -122 -141 0 118 63 -81 -120 -7 92 33 -70 -81 -4 64 24 -29 33 18 -12 
FSM: Transitioned to STATE_STOPPED 
FSM: Transitioned to STATE_MONITORING 
FSM: re-arm blank cleared early, settled at 1524 ms
ACC-STAT s=0xFD48 pin=0 n=106 sk=1
ACC-STAT s=0xFD2C pin=0 n=106 sk=0
ACC-INT n=107 t=1427865 st=2 bz=0 pin=1
FSM: Departure latched (any-motion) 
FSM: Transitioned to STATE_MOVEMENT_DETECTED 
FSM: departure velocity w=0.000
FSM: Transitioned to STATE_MOVING 
ACC-STAT s=0x40 pin=0 n=107 sk=0
BURST k=dep pre=20 n=80 signed_mmss=-4 -25 -26 -23 -49 0 37 0 -32 -23 9 1 -34 9 173 48 -254 -269 45 364 211 -3 -222 -274 -99 -184 173 371 94 -303 -285 -14 213 123 -167 -162 38 128 31 -134 -98 18 83 43 -84 -23 -52 52 74 4 -94 -43 89 22 -37 -104 68 -11 -124 -4 494 -24 -89 -77 -6 80 76 -70 -116 -40 86 53 -35 -107 -47 61 91 -58 -88 -25 
JOGV pos=1999 neg=2120 ratio=94 opk=494 verdict=RUN (armed)
FSM: Arrival (polled), peak 0.494
ARM q=24 a=1 v=1 g=0 ro=2
FSM: Transitioned to STATE_DECELERATING 
BURST k=arr pre=20 n=80 signed_mmss=-89 -77 -6 80 76 -70 -116 -40 86 53 -35 -107 -47 61 91 -58 -88 -25 -22 -19 -16 2 17 -4 -16 -14 -16 -1 -7 -35 -23 -5 19 1 -13 -22 -10 -11 3 -11 -7 -2 7 20 -4 -32 -1 6 79 -44 -11 13 15 -5 4 -2 -2 -24 -4 -5 -14 -14 -21 -3 -6 -20 4 -13 -14 -2 3 -1 -22 13 14 -10 0 -4 -23 -1 
FSM: Transitioned to STATE_STOPPED 
FSM: Transitioned to STATE_MONITORING 
FSM: re-arm blank cleared early, settled at 1557 ms
ACC-INT n=108 t=1454014 st=2 bz=0 pin=1
FSM: Departure latched (any-motion) 
FSM: Transitioned to STATE_MOVEMENT_DETECTED 
FSM: departure velocity w=0.000
FSM: Transitioned to STATE_MOVING 
ACC-STAT s=0x40 pin=1 n=109 sk=0
ACC-INT n=109 t=1454555 st=4 bz=0 pin=1
ACC-STAT s=0x40 pin=1 n=110 sk=0
ACC-INT n=110 t=1455587 st=4 bz=0 pin=1
ACC-STAT s=0x40 pin=0 n=110 sk=0
BURST k=dep pre=20 n=80 signed_mmss=64 31 -20 -73 -12 25 43 3 -19 -50 -2 47 68 -110 -235 -55 247 298 -138 -136 -211 -40 -17 126 362 -269 -563 -100 373 204 -235 -315 51 389 43 -345 -275 149 365 82 -235 -295 26 268 145 -197 -290 -46 239 173 -119 -249 -75 175 -49 -157 -50 70 94 -16 -111 -40 46 96 -20 -79 -38 30 57 1 -47 -69 34 112 -37 -120 -89 -19 47 112 
JOGV pos=3093 neg=3871 ratio=79 opk=389 verdict=RUN (armed)
ACC-STAT s=0xFD37 pin=0 n=110 sk=0
ACC-INT n=111 t=1503215 st=4 bz=0 pin=1
ACC-STAT s=0x40 pin=0 n=111 sk=0
ACC-INT n=112 t=1503297 st=4 bz=0 pin=1
FSM: Arrival (any-motion), edges 2 peak 1.053
ARM q=255 a=1 v=1 g=0 ro=4
FSM: Transitioned to STATE_DECELERATING 
ACC-STAT s=0x40 pin=1 n=113 sk=0
ACC-INT n=113 t=1504395 st=5 bz=0 pin=1
ACC-STAT s=0x40 pin=0 n=113 sk=0
BURST k=arr pre=20 n=80 signed_mmss=-30 88 53 -35 -164 -186 -158 -146 -193 -270 -253 -310 -298 -319 -1053 209 1334 2449 -58 -1926 -1604 575 1888 1012 -844 -1430 -228 1094 1086 -575 295 702 197 -510 -581 77 579 336 -278 -508 -80 407 395 -147 -425 -212 218 276 -96 -322 -149 206 244 -10 -245 -169 91 223 33 -224 30 118 44 -104 -117 0 73 27 -103 -105 -9 77 36 -72 -90 -1 41 -4 -56 -27 
FSM: Transitioned to STATE_STOPPED 
FSM: Transitioned to STATE_MONITORING 
FSM: re-arm blank cleared early, settled at 1605 ms
ACC-STAT s=0xFD3E pin=0 n=113 sk=0
ACC-STAT s=0xFD45 pin=0 n=113 sk=1
ACC-STAT s=0xFD42 pin=0 n=113 sk=1
ACC-STAT s=0xFD43 pin=0 n=113 sk=1
ACC-STAT s=0xFD2F pin=0 n=113 sk=0
ACC-STAT s=0xFD20 pin=0 n=113 sk=0
ACC-INT n=114 t=1731690 st=2 bz=0 pin=1
FSM: Departure latched (any-motion) 
FSM: Transitioned to STATE_MOVEMENT_DETECTED 
FSM: departure velocity w=0.000
FSM: Transitioned to STATE_MOVING 
ACC-STAT s=0x40 pin=0 n=114 sk=0
BURST k=dep pre=20 n=80 signed_mmss=-212 -108 133 234 74 -91 -189 -98 67 146 13 -120 12 83 -186 -147 134 377 105 -449 -408 118 547 343 -262 -580 40 94 64 25 50 69 -68 -124 -64 92 101 18 -86 -98 -58 131 67 -126 -154 28 179 74 -129 -169 -12 172 125 -104 -198 -24 168 -49 -140 -29 107 61 -29 -72 -12 85 80 -74 -118 -5 103 71 -42 -82 -48 40 52 0 -57 -17 
JOGV pos=2020 neg=2807 ratio=71 opk=547 verdict=RUN (armed)
ACC-STAT s=0xFD1B pin=0 n=114 sk=0
ACC-INT n=115 t=1750122 st=4 bz=0 pin=1
FSM: Arrival (polled), peak 0.589
ARM q=18 a=1 v=1 g=0 ro=6
FSM: Transitioned to STATE_DECELERATING 
ACC-STAT s=0x40 pin=0 n=115 sk=0
ACC-INT n=116 t=1750941 st=5 bz=0 pin=1
ACC-STAT s=0x40 pin=0 n=116 sk=0
BURST k=arr pre=20 n=80 signed_mmss=-19 -15 -5 -11 -4 -10 -18 -14 -11 -10 -66 47 82 -4 -127 -187 -188 -589 136 1421 899 -701 -1033 -361 851 837 -184 -818 -365 413 659 2 -554 -296 385 473 -1 -437 -292 153 380 -232 -264 8 231 53 -171 -160 58 177 55 -128 -146 7 125 77 -87 -111 -28 84 62 -60 -101 -8 66 44 -46 -47 -22 30 28 -28 -31 11 12 -6 -40 7 24 8 
FSM: Transitioned to STATE_STOPPED 
FSM: Transitioned to STATE_MONITORING 
FSM: re-arm blank cleared early, settled at 1524 ms
ACC-INT n=117 t=1774174 st=2 bz=0 pin=1
FSM: Departure latched (any-motion) 
FSM: Transitioned to STATE_MOVEMENT_DETECTED 
FSM: departure velocity w=0.000
FSM: Transitioned to STATE_MOVING 
ACC-STAT s=0x40 pin=1 n=118 sk=0
ACC-INT n=118 t=1774813 st=4 bz=0 pin=1
ACC-STAT s=0x40 pin=0 n=118 sk=0
BURST k=dep pre=20 n=80 signed_mmss=49 4 -41 -20 2 38 4 -23 -44 -36 -8 35 85 93 102 -110 -246 -217 77 274 161 -70 -71 -182 -106 -193 146 381 138 -181 -319 -135 202 262 90 -152 -164 -43 85 34 -65 -66 82 65 -17 -95 -42 83 111 -20 -105 -35 31 70 18 15 67 21 -22 -69 -2 188 37 -30 -34 -20 28 33 -25 -65 -23 6 45 17 -90 -5 22 51 -27 -71 
JOGV pos=1468 neg=1654 ratio=88 opk=381 verdict=RUN (armed)
ACC-INT n=119 t=1796407 st=4 bz=0 pin=1
FSM: Arrival (polled), peak 1.104
ARM q=24 a=1 v=1 g=1 ro=8
ACC-STAT s=0x40 pin=0 n=119 sk=0
FSM: Transitioned to STATE_DECELERATING 
ACC-INT n=120 t=1796767 st=5 bz=0 pin=1
ACC-STAT s=0x40 pin=0 n=120 sk=0
ACC-INT n=121 t=1797849 st=5 bz=0 pin=1
ACC-STAT s=0x40 pin=0 n=121 sk=0
BURST k=arr pre=20 n=80 signed_mmss=-117 -41 67 69 -40 -129 -207 -189 -166 -210 -266 -263 -231 -297 -322 -344 -293 -1104 771 2078 2490 -1348 -1343 43 1203 763 -578 -1097 -337 728 807 -69 -792 -469 367 696 155 -531 -534 144 522 94 -423 -390 64 400 161 -269 -360 -11 294 195 -85 106 150 0 -158 -108 74 89 -37 -132 -63 50 70 -17 -74 -45 47 68 2 -53 -53 20 27 -24 -53 -44 8 16 
FSM: Transitioned to STATE_STOPPED 
FSM: Transitioned to STATE_MONITORING 
FSM: re-arm blank cleared early, settled at 1524 ms
ACC-STAT read FAILED
ACC-INT n=122 t=1854767 st=2 bz=0 pin=1
FSM: Departure latched (any-motion) 
FSM: Transitioned to STATE_MOVEMENT_DETECTED 
FSM: departure velocity w=0.000
FSM: Transitioned to STATE_MOVING 
ACC-STAT s=0x40 pin=0 n=122 sk=0
BURST k=dep pre=20 n=80 signed_mmss=-47 16 25 32 -22 -47 7 27 22 4 -46 -28 -3 -44 -23 61 86 35 33 -102 -144 -138 21 140 162 -4 6 -106 -144 -100 -2 77 94 123 46 -221 -287 18 299 246 -74 -293 -122 107 149 -44 -154 4 107 61 -97 -87 -11 107 101 -65 -77 -27 72 -17 -113 24 118 21 -94 -131 -10 105 74 -44 -88 -29 70 47 -70 -93 -17 59 65 -34 
JOGV pos=707 neg=955 ratio=74 opk=299 verdict=RUN (armed)
ACC-INT n=123 t=1863548 st=4 bz=0 pin=1
FSM: Arrival (polled), peak 0.517
ARM q=8 a=1 v=1 g=0 ro=5
FSM: Transitioned to STATE_DECELERATING 
ACC-STAT s=0x40 pin=0 n=123 sk=0
ACC-INT n=124 t=1864482 st=5 bz=0 pin=1
ACC-STAT s=0x40 pin=0 n=124 sk=0
BURST k=arr pre=20 n=80 signed_mmss=0 71 130 -148 -337 -117 255 326 58 -126 -138 -386 -138 259 373 199 6 -517 -507 301 675 310 -155 -377 -300 71 498 107 -276 -324 40 330 36 -281 -190 195 315 31 -218 -232 123 302 142 -192 -229 28 231 140 -96 -212 -74 140 119 -143 -207 71 -95 -130 -21 125 73 -65 -116 -19 67 39 -55 -77 -14 13 47 -14 -70 -13 40 35 -29 -35 -19 6 
FSM: Transitioned to STATE_STOPPED 
FSM: Transitioned to STATE_MONITORING 
FSM: re-arm blank cleared early, settled at 1589 ms
ACC-STAT s=0xFD37 pin=0 n=124 sk=0
ACC-STAT s=0xFD45 pin=0 n=124 sk=1
ACC-STAT s=0x28 pin=0 n=124 sk=0
ACC-STAT s=0xFD41 pin=0 n=124 sk=1
ACC-STAT s=0xFD3F pin=0 n=124 sk=0
ACC-STAT s=0xFD24 pin=0 n=124 sk=0
ACC-STAT s=0xFD54 pin=0 n=124 sk=1
ACC-STAT s=0xFD3B pin=0 n=124 sk=0
ACC-STAT s=0xFD2D pin=0 n=124 sk=0
ACC-STAT s=0xFD35 pin=0 n=124 sk=0
ACC-INT n=125 t=2071871 st=2 bz=0 pin=1
FSM: Departure latched (any-motion) 
FSM: Transitioned to STATE_MOVEMENT_DETECTED 
FSM: departure velocity w=0.000
FSM: Transitioned to STATE_MOVING 
ACC-STAT s=0x40 pin=0 n=125 sk=0
ACC-INT n=126 t=2072756 st=4 bz=0 pin=1
ACC-STAT s=0x40 pin=0 n=126 sk=0
BURST k=dep pre=20 n=80 signed_mmss=12 -9 9 9 44 35 -55 -149 -97 -52 27 137 122 41 -39 22 92 148 216 275 350 370 422 364 323 371 338 269 203 189 167 157 120 65 27 45 37 -7 -28 25 38 25 -22 8 46 9 -30 -16 -22 -16 -2 1 -31 22 -13 -1 -9 -2 -10 -2 28 26 -20 -5 -48 -37 16 -6 -7 -26 17 0 0 8 4 -8 15 -1 -40 -23 
JOGV pos=4014 neg=0 ratio=0 opk=149 verdict=RUN (armed)
ACC-INT n=127 t=2075475 st=4 bz=0 pin=1
ACC-STAT s=0x40 pin=0 n=127 sk=0
ACC-INT n=128 t=2076426 st=4 bz=0 pin=1
FSM: Arrival (any-motion), edges 2 peak 0.753
ARM q=55 a=1 v=1 g=1 ro=27
FSM: Transitioned to STATE_DECELERATING 
ACC-STAT s=0x40 pin=1 n=129 sk=0
ACC-INT n=129 t=2077425 st=5 bz=0 pin=1
ACC-STAT s=0x40 pin=0 n=129 sk=0
BURST k=arr pre=20 n=80 signed_mmss=-371 -349 -371 -416 -340 -320 -276 -207 -199 -145 -129 -101 -77 -63 -81 -53 -67 -753 234 735 446 -492 -638 -208 527 444 -11 -498 -278 310 331 -28 -341 -253 153 281 113 -202 -223 24 203 129 -71 -201 -59 123 12 -97 -80 25 113 40 -49 -84 -1 65 58 -16 -72 -8 56 33 -38 -62 -11 38 44 -20 -49 -6 30 26 -10 -11 -9 15 -1 -16 -1 -12 
FSM: Transitioned to STATE_STOPPED 
FSM: Transitioned to STATE_MONITORING 
FSM: re-arm blank cleared early, settled at 1573 ms
ACC-INT n=130 t=2086125 st=2 bz=0 pin=1
FSM: Departure latched (any-motion) 
FSM: Transitioned to STATE_MOVEMENT_DETECTED 
FSM: departure velocity w=0.004
FSM: Transitioned to STATE_MOVING 
ACC-STAT s=0x40 pin=0 n=130 sk=0
ACC-INT n=131 t=2087337 st=4 bz=0 pin=1
ACC-STAT s=0x40 pin=0 n=131 sk=0
BURST k=dep pre=20 n=80 signed_mmss=-26 -7 0 2 -4 -1 -17 -14 -2 6 -8 -7 14 52 183 -43 -109 -188 -104 98 106 138 27 -12 -2 116 159 72 47 34 -44 -27 7 47 72 63 119 43 61 10 -77 -39 -138 -15 -110 4 -49 73 104 85 64 46 -47 56 -83 -93 -38 -142 26 0 24 -91 15 -90 -67 17 -79 56 42 17 86 67 -17 63 -82 -25 3 25 -69 -75 
JOGV pos=342 neg=188 ratio=54 opk=188 verdict=RUN (armed)
ACC-INT n=132 t=2091057 st=4 bz=1 pin=1
FSM: Arrival (polled), peak 0.939
ARM q=76 a=1 v=1 g=1 ro=20
FSM: Transitioned to STATE_DECELERATING 
ACC-STAT s=0x40 pin=0 n=132 sk=0
ACC-INT n=133 t=2092105 st=5 bz=0 pin=1
ACC-STAT s=0x40 pin=0 n=133 sk=0
BURST k=arr pre=20 n=80 signed_mmss=-81 -152 -131 -240 -242 -217 -229 -199 -240 -134 -120 -54 -9 -41 -40 -25 -433 -938 -556 719 770 -50 -614 -492 209 562 210 -366 -524 -65 329 341 -108 -369 -188 184 267 -31 -261 -165 94 187 -143 -43 78 83 -26 -76 -76 47 76 9 -58 -50 11 37 33 -34 -53 -4 35 40 -2 -36 -33 12 17 12 -31 -28 16 1 -20 13 3 5 -4 -20 -18 7 
FSM: Transitioned to STATE_STOPPED 
FSM: Transitioned to STATE_MONITORING 
FSM: re-arm blank cleared early, settled at 1524 ms
ACC-INT n=134 t=2100559 st=2 bz=0 pin=1
FSM: Departure latched (any-motion) 
FSM: Transitioned to STATE_MOVEMENT_DETECTED 
FSM: departure velocity w=0.000
FSM: Transitioned to STATE_MOVING 
ACC-STAT s=0x40 pin=1 n=135 sk=0
ACC-INT n=135 t=2101411 st=4 bz=0 pin=1
ACC-STAT s=0x40 pin=0 n=135 sk=0
BURST k=dep pre=20 n=80 signed_mmss=-10 -10 43 44 -56 -148 -110 -88 41 158 131 50 -43 5 119 160 216 246 260 304 302 174 122 50 -14 94 117 40 91 -114 -62 -137 -137 -39 -108 28 8 59 116 127 31 83 -94 -17 -170 3 -146 -40 34 -18 109 92 40 89 13 -61 37 80 1 91 43 -23 65 -128 -67 -39 -122 75 -62 3 68 7 97 71 73 -75 -110 7 -157 32 
JOGV pos=1820 neg=327 ratio=17 opk=170 verdict=RUN (armed)
ACC-INT n=136 t=2106556 st=4 bz=0 pin=1
ACC-STAT s=0x40 pin=1 n=137 sk=0
ACC-INT n=137 t=2106621 st=4 bz=0 pin=1
FSM: Arrival (any-motion), edges 2 peak 0.678
ARM q=19 a=1 v=1 g=0 ro=6
FSM: Transitioned to STATE_DECELERATING 
ACC-STAT s=0x40 pin=0 n=137 sk=0
ACC-INT n=138 t=2107637 st=5 bz=0 pin=1
ACC-STAT s=0x40 pin=0 n=138 sk=0
ACC-INT n=139 t=2108768 st=5 bz=0 pin=1
ACC-STAT s=0x40 pin=0 n=139 sk=0
BURST k=arr pre=20 n=80 signed_mmss=-99 -129 -85 -225 -232 -229 -273 -212 -228 -185 -181 -100 -72 -70 -50 -80 373 -678 -889 -219 794 567 -73 -647 -434 210 561 253 -412 -453 -84 352 201 -218 -323 -83 254 236 -49 -232 -145 107 -78 -137 -28 104 94 -41 -118 -66 3 55 29 -82 -55 15 69 52 -57 -74 -8 27 10 -25 -19 -14 24 34 -14 -50 -25 12 3 1 -4 -1 4 -28 -31 -19 
FSM: Transitioned to STATE_STOPPED 
FSM: Transitioned to STATE_MONITORING 
FSM: re-arm blank cleared early, settled at 1573 ms
ACC-STAT s=0xFD4E pin=0 n=139 sk=1
ACC-STAT s=0xFD31 pin=0 n=139 sk=0
ACC-STAT s=0xFD11 pin=0 n=139 sk=0
ACC-STAT s=0xFD26 pin=0 n=139 sk=0
ACC-STAT s=0xFD3D pin=0 n=139 sk=0
ACC-STAT s=0xFD41 pin=0 n=139 sk=1
ACC-STAT s=0xFD49 pin=0 n=139 sk=1
ACC-STAT s=0xFD3B pin=0 n=139 sk=0
ACC-STAT s=0xFD3F pin=0 n=139 sk=0
ACC-STAT s=0xFD3F pin=0 n=139 sk=0
ACC-STAT s=0xFD46 pin=0 n=139 sk=1
ACC-STAT s=0xFD46 pin=0 n=139 sk=1
ACC-INT n=140 t=2350235 st=2 bz=0 pin=1
FSM: Departure latched (any-motion) 
FSM: Transitioned to STATE_MOVEMENT_DETECTED 
FSM: departure velocity w=0.000
FSM: Transitioned to STATE_MOVING 
ACC-STAT s=0x40 pin=0 n=140 sk=0
ACC-INT n=141 t=2351169 st=4 bz=0 pin=1
ACC-STAT s=0x40 pin=1 n=142 sk=0
ACC-INT n=142 t=2352168 st=4 bz=1 pin=1
ACC-STAT s=0x40 pin=0 n=142 sk=0
BURST k=dep pre=20 n=80 signed_mmss=7 65 -1 -74 109 -39 76 79 -81 50 -69 -35 80 -52 86 76 61 168 144 206 153 171 176 158 155 135 101 41 19 3 -1313 -189 1433 472 -479 -894 -162 724 602 -54 -589 -331 213 492 146 -393 -392 9 345 216 -223 -254 12 260 154 -116 -193 -69 133 157 -91 -104 9 95 25 -92 -49 17 71 37 -15 -52 21 51 65 0 -35 -40 17 40 
JOGV pos=6255 neg=5412 ratio=86 opk=1313 verdict=JOG (armed)
FSM: Release (jog verdict) 
ARM q=31 a=1 v=1 g=0 ro=4
FSM: Transitioned to STATE_DECELERATING 
ACC-INT n=143 t=2354610 st=5 bz=0 pin=1
ACC-STAT s=0x40 pin=0 n=143 sk=0
ACC-INT n=144 t=2355773 st=5 bz=0 pin=1
ACC-STAT s=0x40 pin=0 n=144 sk=0
BURST k=arr pre=20 n=80 signed_mmss=9 95 25 -92 -49 17 71 37 -15 -52 21 51 65 0 -35 -40 17 40 12 -8 -21 -1 22 2 7 -19 1 25 4 1 -2 41 59 -6 -133 -132 -102 3 134 95 -72 -177 -184 -117 -167 -244 -225 -245 -160 -81 -139 -142 -102 -113 -62 -80 -100 -64 109 -22 105 -35 -19 43 -94 -14 -15 -86 16 -43 -50 94 61 81 -66 70 -22 -27 39 -91 
FSM: Transitioned to STATE_STOPPED 
FSM: Transitioned to STATE_MONITORING 
FSM: any-motion ignored, re-arm blanking t=4227 q=0
ACC-INT n=145 t=2362982 st=2 bz=0 pin=1
ACC-STAT s=0x40 pin=1 n=146 sk=1
FSM: any-motion ignored, re-arm blanking t=4833 q=0
ACC-INT n=146 t=2363588 st=2 bz=0 pin=1
FSM: re-arm blank cleared early, settled at 5767 ms
ACC-STAT s=0x40 pin=0 n=146 sk=2
ACC-STAT s=0xFD2C pin=0 n=146 sk=0
ACC-INT n=147 t=2373271 st=2 bz=0 pin=1
FSM: Departure latched (any-motion) 
FSM: Transitioned to STATE_MOVEMENT_DETECTED 
FSM: departure velocity w=0.000
FSM: Transitioned to STATE_MOVING 
ACC-STAT s=0x40 pin=0 n=147 sk=0
ACC-INT n=148 t=2374369 st=4 bz=0 pin=1
ACC-STAT s=0x40 pin=0 n=148 sk=0
BURST k=dep pre=20 n=80 signed_mmss=-8 -6 -13 7 -14 -4 -3 8 10 6 1 1 -10 64 106 -45 -141 -136 -35 31 116 -5 -125 -166 -113 -146 -142 -110 -96 -73 -100 -145 -116 -69 -54 1 -47 25 34 52 96 -35 71 21 -32 -8 -68 -55 -5 -35 6 15 -19 9 -40 15 18 -43 40 25 -7 63 -39 -14 -48 -14 -5 -44 22 -29 -1 27 11 58 19 -37 26 -35 -14 34 
JOGV pos=0 neg=166 ratio=0 opk=116 verdict=RUN (armed)
ACC-INT n=149 t=2379513 st=4 bz=1 pin=1
FSM: Arrival (polled), peak 1.755
ARM q=121 a=1 v=1 g=0 ro=4
FSM: Transitioned to STATE_DECELERATING 
ACC-STAT s=0x40 pin=1 n=150 sk=0
ACC-INT n=150 t=2380333 st=5 bz=0 pin=1
ACC-STAT s=0x40 pin=0 n=150 sk=0
BURST k=arr pre=20 n=80 signed_mmss=-4 -34 -5 -8 -23 12 -40 31 18 -20 67 20 -27 19 74 73 98 -1754 231 1842 998 -605 -1308 -487 931 1041 -401 -941 -409 517 644 -60 -668 -405 253 515 127 -404 -383 92 425 207 -197 -289 44 280 130 -83 108 116 -29 -126 -49 56 105 -16 -86 -52 50 67 -25 -46 -21 43 42 -14 -43 -8 33 35 9 -49 -21 23 12 2 -14 -7 20 -10 
FSM: Transitioned to STATE_STOPPED 
FSM: Transitioned to STATE_MONITORING 
FSM: re-arm blank cleared early, settled at 1557 ms
ACC-INT n=151 t=2390818 st=3 bz=0 pin=1
FSM: Transitioned to STATE_MOVEMENT_DETECTED 
FSM: departure velocity w=0.000
FSM: Transitioned to STATE_MOVING 
ACC-STAT s=0x40 pin=0 n=152 sk=0
ACC-INT n=152 t=2391834 st=4 bz=0 pin=1
ACC-STAT s=0x40 pin=0 n=152 sk=0
ACC-INT n=153 t=2392850 st=4 bz=0 pin=1
ACC-STAT s=0x40 pin=1 n=154 sk=0
ACC-INT n=154 t=2393849 st=4 bz=1 pin=1
ACC-STAT s=0x40 pin=1 n=155 sk=0
ACC-INT n=155 t=2394914 st=4 bz=0 pin=1
